time,open,high,low,close,volume
2025-02-20 00:00:00+00:00,0.609,0.624,0.605,0.62,4299411.07
2025-02-20 01:00:00+00:00,0.62,0.627,0.606,0.609,3872549.74
2025-02-20 02:00:00+00:00,0.609,0.626,0.607,0.624,2830513.55
2025-02-20 03:00:00+00:00,0.623,0.627,0.615,0.621,2370550.86
2025-02-20 04:00:00+00:00,0.621,0.63,0.618,0.619,2099061.55
2025-02-20 05:00:00+00:00,0.619,0.622,0.614,0.616,1084422.57
2025-02-20 06:00:00+00:00,0.615,0.617,0.611,0.613,1558567.61
2025-02-20 07:00:00+00:00,0.612,0.618,0.609,0.615,2015605.92
2025-02-20 08:00:00+00:00,0.615,0.62,0.61,0.619,2240668.85
2025-02-20 09:00:00+00:00,0.619,0.619,0.612,0.615,1287781.58
2025-02-20 10:00:00+00:00,0.615,0.623,0.612,0.622,2407605.88
2025-02-20 11:00:00+00:00,0.621,0.628,0.62,0.625,3357942.86
2025-02-20 12:00:00+00:00,0.626,0.629,0.618,0.619,1804154.55
2025-02-20 13:00:00+00:00,0.62,0.622,0.613,0.619,2777500.49
2025-02-20 14:00:00+00:00,0.618,0.629,0.606,0.608,4313481.88
2025-02-20 15:00:00+00:00,0.609,0.615,0.599,0.604,6532116.37
2025-02-20 16:00:00+00:00,0.605,0.61,0.601,0.603,3637162.22
2025-02-20 17:00:00+00:00,0.602,0.619,0.602,0.614,2752637.0
2025-02-20 18:00:00+00:00,0.614,0.629,0.614,0.625,4916723.08
2025-02-20 19:00:00+00:00,0.625,0.635,0.623,0.633,5576400.63
2025-02-20 20:00:00+00:00,0.633,0.638,0.629,0.633,5396635.27
2025-02-20 21:00:00+00:00,0.632,0.637,0.627,0.631,4579224.55
2025-02-20 22:00:00+00:00,0.632,0.643,0.628,0.633,3725826.15
2025-02-20 23:00:00+00:00,0.633,0.648,0.632,0.646,4663259.04
2025-02-21 00:00:00+00:00,0.646,0.655,0.64,0.645,6046310.01
2025-02-21 01:00:00+00:00,0.644,0.645,0.636,0.64,3037112.79
2025-02-21 02:00:00+00:00,0.64,0.653,0.635,0.636,4005905.14
2025-02-21 03:00:00+00:00,0.636,0.65,0.636,0.64,3309574.35
2025-02-21 04:00:00+00:00,0.64,0.656,0.639,0.648,3608537.85
2025-02-21 05:00:00+00:00,0.649,0.66,0.644,0.645,4376616.93
2025-02-21 06:00:00+00:00,0.645,0.656,0.642,0.655,3257386.99
2025-02-21 07:00:00+00:00,0.655,0.659,0.649,0.65,2368164.77
2025-02-21 08:00:00+00:00,0.651,0.661,0.65,0.657,2996843.48
2025-02-21 09:00:00+00:00,0.658,0.688,0.656,0.682,11442484.06
2025-02-21 10:00:00+00:00,0.682,0.689,0.675,0.677,3561024.24
2025-02-21 11:00:00+00:00,0.678,0.68,0.671,0.677,3849569.44
2025-02-21 12:00:00+00:00,0.677,0.704,0.674,0.701,5569065.61
2025-02-21 13:00:00+00:00,0.701,0.723,0.701,0.715,13103389.91
2025-02-21 14:00:00+00:00,0.715,0.729,0.707,0.709,10924401.13
2025-02-21 15:00:00+00:00,0.708,0.716,0.664,0.678,24903467.52
2025-02-21 16:00:00+00:00,0.679,0.695,0.669,0.682,13820725.45
2025-02-21 17:00:00+00:00,0.682,0.688,0.659,0.662,13133860.96
2025-02-21 18:00:00+00:00,0.662,0.665,0.652,0.656,8712957.58
2025-02-21 19:00:00+00:00,0.655,0.658,0.631,0.639,9901846.92
2025-02-21 20:00:00+00:00,0.638,0.648,0.636,0.642,5752987.41
2025-02-21 21:00:00+00:00,0.642,0.647,0.631,0.639,4900689.7
2025-02-21 22:00:00+00:00,0.639,0.657,0.637,0.656,4546568.67
2025-02-21 23:00:00+00:00,0.655,0.655,0.64,0.643,3283100.44
2025-02-22 00:00:00+00:00,0.643,0.648,0.634,0.644,4581859.97
2025-02-22 01:00:00+00:00,0.644,0.653,0.64,0.647,4351689.74
2025-02-22 02:00:00+00:00,0.647,0.649,0.639,0.641,3535662.9
2025-02-22 03:00:00+00:00,0.642,0.644,0.632,0.639,4527514.15
2025-02-22 04:00:00+00:00,0.639,0.642,0.636,0.638,2910663.85
2025-02-22 05:00:00+00:00,0.638,0.645,0.634,0.641,2365671.04
2025-02-22 06:00:00+00:00,0.642,0.647,0.634,0.636,4445855.66
2025-02-22 07:00:00+00:00,0.637,0.646,0.636,0.639,3039212.26
2025-02-22 08:00:00+00:00,0.639,0.65,0.638,0.643,4473733.8
2025-02-22 09:00:00+00:00,0.643,0.653,0.642,0.653,4975085.9
2025-02-22 10:00:00+00:00,0.653,0.668,0.651,0.658,6783553.76
2025-02-22 11:00:00+00:00,0.658,0.683,0.656,0.68,6928220.47
2025-02-22 12:00:00+00:00,0.68,0.686,0.669,0.681,4585850.65
2025-02-22 13:00:00+00:00,0.681,0.694,0.678,0.68,5207673.71
2025-02-22 14:00:00+00:00,0.681,0.689,0.677,0.683,4339017.92
2025-02-22 15:00:00+00:00,0.684,0.713,0.682,0.702,10107434.85
2025-02-22 16:00:00+00:00,0.701,0.715,0.693,0.701,12588793.7
2025-02-22 17:00:00+00:00,0.702,0.71,0.697,0.698,6489989.66
2025-02-22 18:00:00+00:00,0.697,0.703,0.691,0.697,4821377.36
2025-02-22 19:00:00+00:00,0.697,0.706,0.693,0.701,4142557.46
2025-02-22 20:00:00+00:00,0.702,0.71,0.695,0.705,3440832.75
2025-02-22 21:00:00+00:00,0.705,0.716,0.703,0.712,6059716.89
2025-02-22 22:00:00+00:00,0.713,0.718,0.705,0.706,2987057.62
2025-02-22 23:00:00+00:00,0.706,0.709,0.7,0.703,3049339.96
2025-02-23 00:00:00+00:00,0.704,0.704,0.689,0.693,5146361.98
2025-02-23 01:00:00+00:00,0.694,0.697,0.687,0.689,3984587.14
2025-02-23 02:00:00+00:00,0.69,0.695,0.685,0.685,3004207.98
2025-02-23 03:00:00+00:00,0.686,0.689,0.682,0.683,2676124.86
2025-02-23 04:00:00+00:00,0.684,0.684,0.679,0.679,3018487.01
2025-02-23 05:00:00+00:00,0.68,0.684,0.676,0.676,2511460.41
2025-02-23 06:00:00+00:00,0.676,0.683,0.672,0.68,2176437.13
2025-02-23 07:00:00+00:00,0.681,0.689,0.676,0.684,3261806.26
2025-02-23 08:00:00+00:00,0.685,0.686,0.677,0.682,2239085.82
2025-02-23 09:00:00+00:00,0.681,0.683,0.668,0.669,3673342.96
2025-02-23 10:00:00+00:00,0.67,0.674,0.668,0.672,2396646.87
2025-02-23 11:00:00+00:00,0.672,0.673,0.665,0.667,2717981.38
2025-02-23 12:00:00+00:00,0.668,0.669,0.66,0.662,4564644.59
2025-02-23 13:00:00+00:00,0.663,0.675,0.662,0.672,3301626.85
2025-02-23 14:00:00+00:00,0.671,0.672,0.662,0.665,2498219.25
2025-02-23 15:00:00+00:00,0.666,0.67,0.658,0.658,2924509.62
2025-02-23 16:00:00+00:00,0.658,0.664,0.657,0.659,2511150.3
2025-02-23 17:00:00+00:00,0.66,0.67,0.659,0.665,1716142.0
2025-02-23 18:00:00+00:00,0.666,0.668,0.66,0.661,2456672.55
2025-02-23 19:00:00+00:00,0.661,0.665,0.658,0.66,1689535.79
2025-02-23 20:00:00+00:00,0.661,0.662,0.653,0.657,2152167.75
2025-02-23 21:00:00+00:00,0.657,0.66,0.654,0.66,1247044.12
2025-02-23 22:00:00+00:00,0.659,0.66,0.651,0.656,2237814.2
2025-02-23 23:00:00+00:00,0.655,0.666,0.653,0.659,5609412.97
2025-02-24 00:00:00+00:00,0.658,0.668,0.656,0.656,4280096.33
2025-02-24 01:00:00+00:00,0.657,0.658,0.64,0.645,7916116.32
2025-02-24 02:00:00+00:00,0.644,0.651,0.643,0.646,4442991.43
2025-02-24 03:00:00+00:00,0.645,0.645,0.632,0.636,5109897.9
2025-02-24 04:00:00+00:00,0.636,0.638,0.623,0.629,8937780.99
2025-02-24 05:00:00+00:00,0.628,0.64,0.623,0.639,4890680.65
2025-02-24 06:00:00+00:00,0.638,0.64,0.625,0.629,4077474.78
2025-02-24 07:00:00+00:00,0.63,0.633,0.62,0.625,3220746.55
2025-02-24 08:00:00+00:00,0.624,0.625,0.609,0.613,7672263.6
2025-02-24 09:00:00+00:00,0.612,0.626,0.611,0.619,4663157.51
2025-02-24 10:00:00+00:00,0.619,0.619,0.603,0.607,4810123.32
2025-02-24 11:00:00+00:00,0.608,0.615,0.602,0.615,4343042.79
2025-02-24 12:00:00+00:00,0.615,0.632,0.611,0.617,7414439.41
2025-02-24 13:00:00+00:00,0.617,0.621,0.609,0.609,3837382.69
2025-02-24 14:00:00+00:00,0.61,0.612,0.598,0.599,8862795.38
2025-02-24 15:00:00+00:00,0.599,0.608,0.594,0.607,14216321.5
2025-02-24 16:00:00+00:00,0.607,0.608,0.599,0.6,4345159.99
2025-02-24 17:00:00+00:00,0.601,0.613,0.6,0.608,2845190.46
2025-02-24 18:00:00+00:00,0.609,0.611,0.601,0.601,2179818.07
2025-02-24 19:00:00+00:00,0.602,0.605,0.586,0.591,6606576.01
2025-02-24 20:00:00+00:00,0.591,0.604,0.588,0.596,4560687.79
2025-02-24 21:00:00+00:00,0.596,0.601,0.588,0.589,3278653.27
2025-02-24 22:00:00+00:00,0.588,0.589,0.535,0.546,28163094.96
2025-02-24 23:00:00+00:00,0.545,0.562,0.544,0.556,5191571.82
2025-02-25 00:00:00+00:00,0.556,0.561,0.536,0.545,8687630.49
2025-02-25 01:00:00+00:00,0.544,0.553,0.537,0.543,9305842.46
2025-02-25 02:00:00+00:00,0.542,0.556,0.532,0.552,8624338.27
2025-02-25 03:00:00+00:00,0.552,0.555,0.542,0.543,7009096.8
2025-02-25 04:00:00+00:00,0.543,0.546,0.532,0.539,8843737.97
2025-02-25 05:00:00+00:00,0.538,0.55,0.535,0.547,8475634.83
2025-02-25 06:00:00+00:00,0.547,0.55,0.54,0.54,6752961.95
2025-02-25 07:00:00+00:00,0.539,0.541,0.507,0.526,40742900.31
2025-02-25 08:00:00+00:00,0.526,0.536,0.523,0.532,8453949.09
2025-02-25 09:00:00+00:00,0.532,0.535,0.519,0.521,7260274.97
2025-02-25 10:00:00+00:00,0.521,0.527,0.502,0.519,16358202.17
2025-02-25 11:00:00+00:00,0.519,0.536,0.509,0.533,10400182.14
2025-02-25 12:00:00+00:00,0.534,0.541,0.521,0.53,11843201.69
2025-02-25 13:00:00+00:00,0.53,0.535,0.521,0.525,7830331.87
2025-02-25 14:00:00+00:00,0.525,0.532,0.509,0.513,12581877.43
2025-02-25 15:00:00+00:00,0.512,0.538,0.51,0.532,15389503.8
2025-02-25 16:00:00+00:00,0.533,0.552,0.528,0.539,13794736.39
2025-02-25 17:00:00+00:00,0.539,0.551,0.535,0.54,8550363.05
2025-02-25 18:00:00+00:00,0.54,0.546,0.531,0.535,3453271.53
2025-02-25 19:00:00+00:00,0.535,0.548,0.53,0.547,3804942.01
2025-02-25 20:00:00+00:00,0.548,0.564,0.543,0.558,7257847.9
2025-02-25 21:00:00+00:00,0.558,0.563,0.552,0.56,4528734.32
2025-02-25 22:00:00+00:00,0.56,0.565,0.55,0.553,3217639.17
2025-02-25 23:00:00+00:00,0.554,0.558,0.547,0.549,2795776.46
2025-02-26 00:00:00+00:00,0.549,0.556,0.548,0.552,3383809.62
2025-02-26 01:00:00+00:00,0.552,0.56,0.55,0.558,3168587.02
2025-02-26 02:00:00+00:00,0.558,0.587,0.555,0.581,7632217.6
2025-02-26 03:00:00+00:00,0.581,0.585,0.568,0.572,5730832.43
2025-02-26 04:00:00+00:00,0.571,0.576,0.563,0.563,3535850.24
2025-02-26 05:00:00+00:00,0.563,0.567,0.556,0.558,2676540.59
2025-02-26 06:00:00+00:00,0.558,0.572,0.558,0.572,2614209.05
2025-02-26 07:00:00+00:00,0.571,0.572,0.555,0.561,3205403.17
2025-02-26 08:00:00+00:00,0.56,0.561,0.551,0.555,3165450.45
2025-02-26 09:00:00+00:00,0.555,0.565,0.553,0.56,3809455.62
2025-02-26 10:00:00+00:00,0.56,0.561,0.552,0.554,4863113.58
2025-02-26 11:00:00+00:00,0.554,0.557,0.545,0.547,3800091.92
2025-02-26 12:00:00+00:00,0.547,0.548,0.536,0.538,4026982.58
2025-02-26 13:00:00+00:00,0.539,0.543,0.537,0.541,3053501.76
2025-02-26 14:00:00+00:00,0.54,0.561,0.536,0.559,12804820.79
2025-02-26 15:00:00+00:00,0.559,0.575,0.559,0.571,8865695.86
2025-02-26 16:00:00+00:00,0.571,0.574,0.556,0.563,8451504.03
2025-02-26 17:00:00+00:00,0.563,0.567,0.546,0.549,8133294.82
2025-02-26 18:00:00+00:00,0.55,0.557,0.542,0.544,13405819.28
2025-02-26 19:00:00+00:00,0.543,0.551,0.538,0.546,8205431.78
2025-02-26 20:00:00+00:00,0.546,0.569,0.543,0.567,9919024.55
2025-02-26 21:00:00+00:00,0.567,0.574,0.562,0.573,6987230.1
2025-02-26 22:00:00+00:00,0.574,0.59,0.572,0.585,6101098.76
2025-02-26 23:00:00+00:00,0.585,0.593,0.573,0.579,6611520.73
2025-02-27 00:00:00+00:00,0.58,0.587,0.568,0.579,7076566.1
2025-02-27 01:00:00+00:00,0.578,0.592,0.573,0.58,4364839.22
2025-02-27 02:00:00+00:00,0.581,0.592,0.577,0.58,7982961.95
2025-02-27 03:00:00+00:00,0.581,0.595,0.577,0.591,2823785.94
2025-02-27 04:00:00+00:00,0.591,0.594,0.58,0.582,2327942.89
2025-02-27 05:00:00+00:00,0.582,0.598,0.581,0.594,3684241.38
2025-02-27 06:00:00+00:00,0.594,0.615,0.593,0.613,8893096.0
2025-02-27 07:00:00+00:00,0.614,0.62,0.609,0.61,5224488.96
2025-02-27 08:00:00+00:00,0.609,0.612,0.594,0.597,4086867.63
2025-02-27 09:00:00+00:00,0.597,0.601,0.591,0.594,4664004.71
2025-02-27 10:00:00+00:00,0.594,0.6,0.592,0.6,2633460.24
2025-02-27 11:00:00+00:00,0.6,0.603,0.59,0.595,2160522.01
2025-02-27 12:00:00+00:00,0.594,0.597,0.587,0.592,2979287.87
2025-02-27 13:00:00+00:00,0.593,0.597,0.587,0.591,3745036.31
2025-02-27 14:00:00+00:00,0.591,0.602,0.586,0.586,4461774.5
2025-02-27 15:00:00+00:00,0.586,0.598,0.579,0.593,7116184.25
2025-02-27 16:00:00+00:00,0.592,0.597,0.579,0.58,3132689.59
2025-02-27 17:00:00+00:00,0.58,0.592,0.579,0.59,2927433.92
2025-02-27 18:00:00+00:00,0.591,0.594,0.583,0.584,2498059.86
2025-02-27 19:00:00+00:00,0.585,0.586,0.573,0.577,2629171.19
2025-02-27 20:00:00+00:00,0.578,0.578,0.564,0.568,5054541.76
2025-02-27 21:00:00+00:00,0.569,0.584,0.564,0.584,4145364.48
2025-02-27 22:00:00+00:00,0.583,0.589,0.577,0.588,1527195.96
2025-02-27 23:00:00+00:00,0.588,0.589,0.582,0.585,1671880.92
2025-02-28 00:00:00+00:00,0.585,0.59,0.58,0.58,2746941.5
2025-02-28 01:00:00+00:00,0.58,0.588,0.565,0.568,14797851.6
2025-02-28 02:00:00+00:00,0.568,0.58,0.561,0.575,17568324.99
2025-02-28 03:00:00+00:00,0.575,0.583,0.551,0.556,7010695.31
2025-02-28 04:00:00+00:00,0.557,0.568,0.547,0.562,9169178.82
2025-02-28 05:00:00+00:00,0.562,0.577,0.559,0.577,7165655.28
2025-02-28 06:00:00+00:00,0.576,0.581,0.562,0.569,7603145.62
2025-02-28 07:00:00+00:00,0.569,0.58,0.558,0.561,8785299.52
2025-02-28 08:00:00+00:00,0.561,0.576,0.557,0.574,5319258.42
2025-02-28 09:00:00+00:00,0.575,0.582,0.567,0.571,5468549.11
2025-02-28 10:00:00+00:00,0.572,0.574,0.553,0.555,3818317.13
2025-02-28 11:00:00+00:00,0.555,0.569,0.552,0.566,6440699.75
2025-02-28 12:00:00+00:00,0.566,0.572,0.556,0.57,5147314.7
2025-02-28 13:00:00+00:00,0.569,0.599,0.566,0.585,14459354.0
2025-02-28 14:00:00+00:00,0.585,0.607,0.584,0.601,10539416.5
2025-02-28 15:00:00+00:00,0.601,0.618,0.598,0.613,7424705.46
2025-02-28 16:00:00+00:00,0.614,0.621,0.609,0.615,6039846.97
2025-02-28 17:00:00+00:00,0.616,0.621,0.612,0.618,6310296.52
2025-02-28 18:00:00+00:00,0.618,0.632,0.617,0.626,5927949.5
2025-02-28 19:00:00+00:00,0.626,0.629,0.616,0.621,3910595.57
2025-02-28 20:00:00+00:00,0.621,0.633,0.617,0.632,4418505.73
2025-02-28 21:00:00+00:00,0.632,0.647,0.628,0.637,3932549.3
2025-02-28 22:00:00+00:00,0.637,0.638,0.622,0.624,6508008.96
2025-02-28 23:00:00+00:00,0.625,0.63,0.62,0.629,3549297.04
2025-03-01 00:00:00+00:00,0.63,0.632,0.619,0.62,5033063.42
2025-03-01 01:00:00+00:00,0.62,0.636,0.617,0.634,3647852.98
2025-03-01 02:00:00+00:00,0.635,0.653,0.629,0.652,14048833.08
2025-03-01 03:00:00+00:00,0.652,0.663,0.648,0.657,4640734.37
2025-03-01 04:00:00+00:00,0.657,0.664,0.652,0.652,4672534.77
2025-03-01 05:00:00+00:00,0.652,0.655,0.646,0.65,2781755.29
2025-03-01 06:00:00+00:00,0.65,0.654,0.643,0.65,8786687.76
2025-03-01 07:00:00+00:00,0.649,0.653,0.642,0.646,4047945.62
2025-03-01 08:00:00+00:00,0.646,0.647,0.638,0.638,3027511.77
2025-03-01 09:00:00+00:00,0.638,0.639,0.622,0.63,5260019.6
2025-03-01 10:00:00+00:00,0.63,0.63,0.618,0.62,4243785.99
2025-03-01 11:00:00+00:00,0.62,0.62,0.613,0.614,3778574.72
2025-03-01 12:00:00+00:00,0.615,0.624,0.612,0.62,5239778.31
2025-03-01 13:00:00+00:00,0.621,0.626,0.602,0.607,6807665.06
2025-03-01 14:00:00+00:00,0.608,0.612,0.604,0.607,2923306.61
2025-03-01 15:00:00+00:00,0.607,0.609,0.595,0.602,5276650.78
2025-03-01 16:00:00+00:00,0.602,0.607,0.596,0.602,3886482.65
2025-03-01 17:00:00+00:00,0.602,0.602,0.592,0.594,2563148.74
2025-03-01 18:00:00+00:00,0.594,0.598,0.589,0.597,2760686.53
2025-03-01 19:00:00+00:00,0.598,0.603,0.594,0.598,2931171.52
2025-03-01 20:00:00+00:00,0.599,0.604,0.595,0.603,2181578.42
2025-03-01 21:00:00+00:00,0.603,0.621,0.602,0.616,6040186.3
2025-03-01 22:00:00+00:00,0.616,0.62,0.606,0.612,2140140.71
2025-03-01 23:00:00+00:00,0.611,0.613,0.604,0.611,1695990.62
2025-03-02 00:00:00+00:00,0.611,0.62,0.611,0.611,2267698.5
2025-03-02 01:00:00+00:00,0.611,0.616,0.607,0.613,2644205.07
2025-03-02 02:00:00+00:00,0.613,0.619,0.608,0.618,4414886.75
2025-03-02 03:00:00+00:00,0.618,0.629,0.616,0.626,5907460.61
2025-03-02 04:00:00+00:00,0.627,0.636,0.626,0.628,3270139.53
2025-03-02 05:00:00+00:00,0.627,0.629,0.62,0.622,2316974.49
2025-03-02 06:00:00+00:00,0.623,0.633,0.616,0.629,3679085.88
2025-03-02 07:00:00+00:00,0.629,0.635,0.622,0.631,2199448.96
2025-03-02 08:00:00+00:00,0.631,0.644,0.625,0.639,3450200.73
2025-03-02 09:00:00+00:00,0.64,0.679,0.639,0.654,10210784.02
2025-03-02 10:00:00+00:00,0.654,0.674,0.651,0.668,5453244.32
2025-03-02 11:00:00+00:00,0.667,0.675,0.664,0.672,4009865.84
2025-03-02 12:00:00+00:00,0.672,0.679,0.667,0.673,4606747.36
2025-03-02 13:00:00+00:00,0.673,0.676,0.659,0.665,8329096.25
2025-03-02 14:00:00+00:00,0.664,0.665,0.646,0.655,7622064.12
2025-03-02 15:00:00+00:00,0.654,0.718,0.653,0.691,46872543.08
2025-03-02 16:00:00+00:00,0.692,0.756,0.685,0.724,48162834.72
2025-03-02 17:00:00+00:00,0.725,0.752,0.709,0.737,19953244.34
2025-03-02 18:00:00+00:00,0.738,0.766,0.733,0.749,14848806.34
2025-03-02 19:00:00+00:00,0.749,0.784,0.746,0.763,11783456.78
2025-03-02 20:00:00+00:00,0.762,0.766,0.747,0.755,9489792.08
2025-03-02 21:00:00+00:00,0.755,0.765,0.75,0.755,6586740.23
2025-03-02 22:00:00+00:00,0.754,0.764,0.751,0.761,2770107.3
2025-03-02 23:00:00+00:00,0.76,0.771,0.754,0.761,5141041.97
2025-03-03 00:00:00+00:00,0.761,0.765,0.751,0.755,4414309.62
2025-03-03 01:00:00+00:00,0.755,0.769,0.748,0.751,5202366.47
2025-03-03 02:00:00+00:00,0.75,0.756,0.737,0.751,7342276.85
2025-03-03 03:00:00+00:00,0.751,0.775,0.747,0.768,10495371.21
2025-03-03 04:00:00+00:00,0.769,0.781,0.761,0.773,5943877.13
2025-03-03 05:00:00+00:00,0.773,0.789,0.771,0.776,8756093.8
2025-03-03 06:00:00+00:00,0.776,0.79,0.734,0.744,15562995.19
2025-03-03 07:00:00+00:00,0.743,0.771,0.739,0.763,14736243.63
2025-03-03 08:00:00+00:00,0.763,0.777,0.755,0.76,8415594.0
2025-03-03 09:00:00+00:00,0.761,0.777,0.754,0.767,7896742.52
2025-03-03 10:00:00+00:00,0.767,0.787,0.765,0.774,6199593.73
2025-03-03 11:00:00+00:00,0.774,0.775,0.758,0.769,6992719.26
2025-03-03 12:00:00+00:00,0.769,0.78,0.757,0.769,8270266.66
2025-03-03 13:00:00+00:00,0.769,0.784,0.764,0.765,5993936.63
2025-03-03 14:00:00+00:00,0.765,0.768,0.723,0.726,23020622.75
2025-03-03 15:00:00+00:00,0.726,0.744,0.723,0.725,12008202.0
2025-03-03 16:00:00+00:00,0.725,0.727,0.712,0.714,4987150.65
2025-03-03 17:00:00+00:00,0.714,0.728,0.71,0.718,3777199.94
2025-03-03 18:00:00+00:00,0.718,0.72,0.678,0.681,16447751.02
2025-03-03 19:00:00+00:00,0.68,0.685,0.654,0.658,14886898.86
2025-03-03 20:00:00+00:00,0.658,0.666,0.649,0.655,9914617.58
2025-03-03 21:00:00+00:00,0.655,0.658,0.632,0.635,3763885.63
2025-03-03 22:00:00+00:00,0.636,0.654,0.635,0.651,3028280.85
2025-03-03 23:00:00+00:00,0.652,0.66,0.642,0.643,3264110.75
2025-03-04 00:00:00+00:00,0.644,0.649,0.63,0.632,7067572.31
2025-03-04 01:00:00+00:00,0.632,0.642,0.609,0.609,25392111.21
2025-03-04 02:00:00+00:00,0.61,0.611,0.582,0.593,20326884.26
2025-03-04 03:00:00+00:00,0.592,0.613,0.586,0.605,8141816.88
2025-03-04 04:00:00+00:00,0.605,0.617,0.599,0.608,6982559.37
2025-03-04 05:00:00+00:00,0.609,0.626,0.607,0.608,7171964.96
2025-03-04 06:00:00+00:00,0.608,0.611,0.601,0.603,4872950.93
2025-03-04 07:00:00+00:00,0.603,0.613,0.6,0.605,4429742.51
2025-03-04 08:00:00+00:00,0.605,0.607,0.591,0.6,10856642.59
2025-03-04 09:00:00+00:00,0.6,0.6,0.586,0.587,7742677.57
2025-03-04 10:00:00+00:00,0.587,0.595,0.584,0.593,9462082.5
2025-03-04 11:00:00+00:00,0.593,0.6,0.587,0.591,8345296.51
2025-03-04 12:00:00+00:00,0.591,0.593,0.582,0.585,6343909.78
2025-03-04 13:00:00+00:00,0.585,0.585,0.567,0.572,8347457.23
2025-03-04 14:00:00+00:00,0.572,0.61,0.565,0.572,31350205.52
2025-03-04 15:00:00+00:00,0.572,0.586,0.566,0.583,15367511.98
2025-03-04 16:00:00+00:00,0.583,0.588,0.537,0.558,25160741.38
2025-03-04 17:00:00+00:00,0.558,0.589,0.557,0.583,12973537.59
2025-03-04 18:00:00+00:00,0.583,0.585,0.571,0.581,5421634.57
2025-03-04 19:00:00+00:00,0.581,0.585,0.575,0.578,6575170.4
2025-03-04 20:00:00+00:00,0.578,0.583,0.562,0.564,5197451.67
2025-03-04 21:00:00+00:00,0.563,0.598,0.559,0.578,11397839.27
2025-03-04 22:00:00+00:00,0.579,0.582,0.573,0.576,2977557.53
2025-03-04 23:00:00+00:00,0.576,0.58,0.571,0.574,2156995.83
2025-03-05 00:00:00+00:00,0.575,0.577,0.559,0.566,7940628.31
2025-03-05 01:00:00+00:00,0.566,0.575,0.561,0.575,4409025.87
2025-03-05 02:00:00+00:00,0.575,0.58,0.564,0.571,6129827.31
2025-03-05 03:00:00+00:00,0.57,0.575,0.561,0.562,7207510.96
2025-03-05 04:00:00+00:00,0.562,0.574,0.561,0.57,6545052.04
2025-03-05 05:00:00+00:00,0.571,0.578,0.569,0.576,4839669.85
2025-03-05 06:00:00+00:00,0.576,0.58,0.567,0.575,5049591.77
2025-03-05 07:00:00+00:00,0.575,0.579,0.569,0.574,6158041.46
2025-03-05 08:00:00+00:00,0.573,0.584,0.572,0.581,5388660.37
2025-03-05 09:00:00+00:00,0.581,0.599,0.58,0.597,8672569.0
2025-03-05 10:00:00+00:00,0.597,0.617,0.595,0.6,12671188.31
2025-03-05 11:00:00+00:00,0.6,0.6,0.579,0.582,9992566.42
2025-03-05 12:00:00+00:00,0.582,0.597,0.581,0.586,7454135.91
2025-03-05 13:00:00+00:00,0.586,0.59,0.575,0.579,7069257.91
2025-03-05 14:00:00+00:00,0.578,0.58,0.562,0.566,9899361.02
2025-03-05 15:00:00+00:00,0.566,0.576,0.559,0.566,7979233.65
2025-03-05 16:00:00+00:00,0.566,0.569,0.551,0.562,8676735.14
2025-03-05 17:00:00+00:00,0.563,0.577,0.562,0.573,5634177.81
2025-03-05 18:00:00+00:00,0.572,0.58,0.569,0.578,4404559.25
2025-03-05 19:00:00+00:00,0.578,0.588,0.576,0.584,3660075.55
2025-03-05 20:00:00+00:00,0.584,0.589,0.58,0.585,2989304.43
2025-03-05 21:00:00+00:00,0.585,0.59,0.581,0.587,4020581.33
2025-03-05 22:00:00+00:00,0.587,0.588,0.575,0.586,4593454.3
2025-03-05 23:00:00+00:00,0.586,0.587,0.58,0.583,2905588.66
2025-03-06 00:00:00+00:00,0.582,0.586,0.573,0.574,3650044.18
2025-03-06 01:00:00+00:00,0.575,0.59,0.569,0.58,5848180.75
2025-03-06 02:00:00+00:00,0.579,0.586,0.575,0.58,4325860.43
2025-03-06 03:00:00+00:00,0.58,0.584,0.576,0.581,3537990.03
2025-03-06 04:00:00+00:00,0.582,0.589,0.575,0.586,3948686.94
2025-03-06 05:00:00+00:00,0.587,0.595,0.582,0.594,4687060.97
2025-03-06 06:00:00+00:00,0.594,0.595,0.579,0.585,4919036.24
2025-03-06 07:00:00+00:00,0.584,0.588,0.577,0.584,5409015.44
2025-03-06 08:00:00+00:00,0.584,0.596,0.583,0.594,4206272.23
2025-03-06 09:00:00+00:00,0.594,0.594,0.584,0.587,2891227.31
2025-03-06 10:00:00+00:00,0.587,0.597,0.584,0.595,3440189.0
2025-03-06 11:00:00+00:00,0.596,0.601,0.593,0.6,2404975.78
2025-03-06 12:00:00+00:00,0.599,0.601,0.58,0.583,5251389.25
2025-03-06 13:00:00+00:00,0.582,0.598,0.576,0.587,8859302.72
2025-03-06 14:00:00+00:00,0.587,0.597,0.575,0.58,9002377.06
2025-03-06 15:00:00+00:00,0.581,0.596,0.579,0.589,5828468.53
2025-03-06 16:00:00+00:00,0.59,0.595,0.575,0.577,5008896.42
2025-03-06 17:00:00+00:00,0.576,0.577,0.561,0.567,8250672.95
2025-03-06 18:00:00+00:00,0.567,0.567,0.557,0.565,2995963.92
2025-03-06 19:00:00+00:00,0.565,0.574,0.561,0.567,2339784.8
2025-03-06 20:00:00+00:00,0.566,0.574,0.563,0.566,2045097.34
2025-03-06 21:00:00+00:00,0.565,0.575,0.561,0.569,3688293.85
2025-03-06 22:00:00+00:00,0.569,0.579,0.568,0.574,3844706.39
2025-03-06 23:00:00+00:00,0.574,0.578,0.57,0.571,1873742.95
2025-03-07 00:00:00+00:00,0.571,0.582,0.524,0.531,26762039.46
2025-03-07 01:00:00+00:00,0.531,0.558,0.529,0.554,10142023.33
2025-03-07 02:00:00+00:00,0.554,0.564,0.55,0.562,6506739.78
2025-03-07 03:00:00+00:00,0.561,0.566,0.556,0.557,2559419.6
2025-03-07 04:00:00+00:00,0.557,0.561,0.545,0.545,3895549.74
2025-03-07 05:00:00+00:00,0.546,0.555,0.541,0.546,6062941.21
2025-03-07 06:00:00+00:00,0.545,0.549,0.541,0.547,1972717.39
2025-03-07 07:00:00+00:00,0.547,0.552,0.544,0.548,2105618.72
2025-03-07 08:00:00+00:00,0.549,0.553,0.543,0.547,2504733.2
2025-03-07 09:00:00+00:00,0.547,0.566,0.547,0.56,5272095.47
2025-03-07 10:00:00+00:00,0.56,0.56,0.552,0.556,3258089.08
2025-03-07 11:00:00+00:00,0.556,0.562,0.553,0.557,3823069.57
2025-03-07 12:00:00+00:00,0.557,0.558,0.548,0.55,3821359.75
2025-03-07 13:00:00+00:00,0.549,0.565,0.548,0.553,8011774.75
2025-03-07 14:00:00+00:00,0.553,0.569,0.547,0.558,8206137.14
2025-03-07 15:00:00+00:00,0.559,0.563,0.543,0.553,7680034.43
2025-03-07 16:00:00+00:00,0.552,0.554,0.534,0.541,8672615.22
2025-03-07 17:00:00+00:00,0.541,0.55,0.534,0.543,6075970.79
2025-03-07 18:00:00+00:00,0.542,0.572,0.542,0.57,7897517.38
2025-03-07 19:00:00+00:00,0.571,0.576,0.561,0.562,4445675.87
2025-03-07 20:00:00+00:00,0.562,0.565,0.549,0.556,5890552.15
2025-03-07 21:00:00+00:00,0.556,0.557,0.535,0.542,11015731.93
2025-03-07 22:00:00+00:00,0.542,0.552,0.535,0.544,4074504.53
2025-03-07 23:00:00+00:00,0.543,0.544,0.529,0.534,4371157.76
2025-03-08 00:00:00+00:00,0.535,0.54,0.527,0.535,5058890.35
2025-03-08 01:00:00+00:00,0.535,0.536,0.516,0.523,5269556.95
2025-03-08 02:00:00+00:00,0.523,0.529,0.521,0.526,1933064.75
2025-03-08 03:00:00+00:00,0.526,0.526,0.518,0.522,3637757.61
2025-03-08 04:00:00+00:00,0.521,0.527,0.518,0.526,2533058.69
2025-03-08 05:00:00+00:00,0.526,0.526,0.515,0.519,1971571.45
2025-03-08 06:00:00+00:00,0.52,0.522,0.514,0.518,1848111.19
2025-03-08 07:00:00+00:00,0.518,0.523,0.515,0.516,2532114.28
2025-03-08 08:00:00+00:00,0.516,0.525,0.516,0.52,1812392.83
2025-03-08 09:00:00+00:00,0.52,0.537,0.519,0.527,3629059.76
2025-03-08 10:00:00+00:00,0.526,0.547,0.524,0.535,7005156.76
2025-03-08 11:00:00+00:00,0.535,0.536,0.518,0.522,7601491.97
2025-03-08 12:00:00+00:00,0.522,0.528,0.514,0.519,6938374.19
2025-03-08 13:00:00+00:00,0.519,0.526,0.515,0.524,4400787.58
2025-03-08 14:00:00+00:00,0.523,0.528,0.517,0.52,3171577.47
2025-03-08 15:00:00+00:00,0.52,0.526,0.512,0.523,4146093.44
2025-03-08 16:00:00+00:00,0.523,0.524,0.511,0.519,3807763.83
2025-03-08 17:00:00+00:00,0.52,0.536,0.517,0.531,4667207.18
2025-03-08 18:00:00+00:00,0.531,0.535,0.526,0.532,2026957.01
2025-03-08 19:00:00+00:00,0.532,0.538,0.531,0.536,2098646.07
2025-03-08 20:00:00+00:00,0.536,0.539,0.532,0.536,1706092.96
2025-03-08 21:00:00+00:00,0.536,0.543,0.533,0.534,2308357.48
2025-03-08 22:00:00+00:00,0.534,0.536,0.526,0.534,1430904.39
2025-03-08 23:00:00+00:00,0.535,0.537,0.531,0.534,1151220.51
2025-03-09 00:00:00+00:00,0.534,0.54,0.53,0.538,1768477.27
2025-03-09 01:00:00+00:00,0.538,0.539,0.522,0.525,3184391.21
2025-03-09 02:00:00+00:00,0.525,0.526,0.511,0.515,6064399.75
2025-03-09 03:00:00+00:00,0.514,0.524,0.512,0.521,5551002.55
2025-03-09 04:00:00+00:00,0.521,0.53,0.517,0.521,5847714.03
2025-03-09 05:00:00+00:00,0.521,0.524,0.518,0.518,2152692.55
2025-03-09 06:00:00+00:00,0.519,0.52,0.508,0.516,3416729.91
2025-03-09 07:00:00+00:00,0.516,0.519,0.514,0.514,2575808.29
2025-03-09 08:00:00+00:00,0.514,0.517,0.511,0.511,1514914.89
2025-03-09 09:00:00+00:00,0.511,0.515,0.507,0.509,3182507.46
2025-03-09 10:00:00+00:00,0.509,0.514,0.487,0.49,10387129.0
2025-03-09 11:00:00+00:00,0.491,0.494,0.477,0.486,6188518.07
2025-03-09 12:00:00+00:00,0.486,0.487,0.477,0.48,4793192.94
2025-03-09 13:00:00+00:00,0.481,0.484,0.473,0.474,4244721.72
2025-03-09 14:00:00+00:00,0.474,0.478,0.468,0.472,5790569.95
2025-03-09 15:00:00+00:00,0.473,0.476,0.464,0.467,4539472.31
2025-03-09 16:00:00+00:00,0.467,0.474,0.456,0.456,6647405.1
2025-03-09 17:00:00+00:00,0.456,0.459,0.437,0.439,17614221.17
2025-03-09 18:00:00+00:00,0.438,0.444,0.428,0.438,13670208.42
2025-03-09 19:00:00+00:00,0.438,0.452,0.437,0.449,8310272.47
2025-03-09 20:00:00+00:00,0.449,0.454,0.446,0.45,5513270.52
2025-03-09 21:00:00+00:00,0.45,0.452,0.442,0.443,3192023.29
2025-03-09 22:00:00+00:00,0.443,0.447,0.437,0.443,3130620.58
2025-03-09 23:00:00+00:00,0.444,0.449,0.439,0.442,4851441.76
2025-03-10 00:00:00+00:00,0.443,0.462,0.439,0.459,9980709.05
2025-03-10 01:00:00+00:00,0.459,0.465,0.453,0.454,7723030.92
2025-03-10 02:00:00+00:00,0.454,0.46,0.446,0.451,5195035.26
2025-03-10 03:00:00+00:00,0.452,0.456,0.446,0.453,3299553.1
2025-03-10 04:00:00+00:00,0.452,0.46,0.452,0.46,2595782.27
2025-03-10 05:00:00+00:00,0.46,0.461,0.457,0.46,2377708.58
2025-03-10 06:00:00+00:00,0.46,0.464,0.456,0.459,1547969.73
2025-03-10 07:00:00+00:00,0.459,0.469,0.459,0.467,2844664.31
2025-03-10 08:00:00+00:00,0.466,0.469,0.461,0.463,4701417.1
2025-03-10 09:00:00+00:00,0.463,0.489,0.461,0.475,14019373.68
2025-03-10 10:00:00+00:00,0.476,0.479,0.471,0.476,4399205.91
2025-03-10 11:00:00+00:00,0.476,0.486,0.47,0.483,7356834.51
2025-03-10 12:00:00+00:00,0.483,0.495,0.48,0.484,12205687.54
2025-03-10 13:00:00+00:00,0.485,0.487,0.47,0.473,9150880.36
2025-03-10 14:00:00+00:00,0.473,0.474,0.454,0.458,13554562.46
2025-03-10 15:00:00+00:00,0.459,0.472,0.457,0.464,7307697.96
2025-03-10 16:00:00+00:00,0.464,0.465,0.453,0.455,5462938.97
2025-03-10 17:00:00+00:00,0.455,0.457,0.437,0.439,11825889.7
2025-03-10 18:00:00+00:00,0.438,0.451,0.425,0.425,11425198.21
2025-03-10 19:00:00+00:00,0.426,0.449,0.424,0.447,11459494.55
2025-03-10 20:00:00+00:00,0.448,0.451,0.441,0.446,4088020.14
2025-03-10 21:00:00+00:00,0.445,0.45,0.44,0.442,2970920.07
2025-03-10 22:00:00+00:00,0.442,0.446,0.432,0.432,3722019.77
2025-03-10 23:00:00+00:00,0.432,0.44,0.425,0.428,9381455.13
2025-03-11 00:00:00+00:00,0.428,0.439,0.395,0.407,19350491.04
2025-03-11 01:00:00+00:00,0.406,0.426,0.395,0.425,15371181.3
2025-03-11 02:00:00+00:00,0.425,0.439,0.423,0.434,9110595.25
2025-03-11 03:00:00+00:00,0.434,0.439,0.432,0.433,5634384.68
2025-03-11 04:00:00+00:00,0.432,0.437,0.431,0.435,3917439.58
2025-03-11 05:00:00+00:00,0.435,0.45,0.435,0.445,5067603.52
2025-03-11 06:00:00+00:00,0.445,0.449,0.443,0.444,4237609.18
2025-03-11 07:00:00+00:00,0.444,0.449,0.442,0.445,3893335.44
2025-03-11 08:00:00+00:00,0.444,0.451,0.443,0.446,4755224.88
2025-03-11 09:00:00+00:00,0.446,0.451,0.444,0.446,4376913.17
2025-03-11 10:00:00+00:00,0.446,0.448,0.441,0.448,4389654.99
2025-03-11 11:00:00+00:00,0.448,0.454,0.442,0.45,5309615.72
2025-03-11 12:00:00+00:00,0.45,0.456,0.444,0.444,4624324.42
2025-03-11 13:00:00+00:00,0.444,0.461,0.438,0.454,17942443.83
2025-03-11 14:00:00+00:00,0.454,0.458,0.429,0.432,17224248.01
2025-03-11 15:00:00+00:00,0.432,0.457,0.431,0.453,11035308.96
2025-03-11 16:00:00+00:00,0.453,0.469,0.451,0.456,9310460.7
2025-03-11 17:00:00+00:00,0.457,0.458,0.442,0.445,4489918.3
2025-03-11 18:00:00+00:00,0.445,0.474,0.445,0.468,10109632.29
2025-03-11 19:00:00+00:00,0.469,0.471,0.462,0.464,5643378.05
2025-03-11 20:00:00+00:00,0.464,0.464,0.456,0.459,2665824.33
2025-03-11 21:00:00+00:00,0.459,0.463,0.454,0.456,2408776.39
2025-03-11 22:00:00+00:00,0.456,0.458,0.452,0.455,1554920.42
2025-03-11 23:00:00+00:00,0.455,0.456,0.446,0.448,2404805.36
2025-03-12 00:00:00+00:00,0.448,0.453,0.443,0.449,3424292.38
2025-03-12 01:00:00+00:00,0.449,0.461,0.447,0.456,4671256.23
2025-03-12 02:00:00+00:00,0.456,0.457,0.441,0.443,5309692.87
2025-03-12 03:00:00+00:00,0.444,0.445,0.434,0.436,5590136.55
2025-03-12 04:00:00+00:00,0.436,0.436,0.428,0.433,4366963.97
2025-03-12 05:00:00+00:00,0.434,0.439,0.43,0.437,1825244.15
2025-03-12 06:00:00+00:00,0.436,0.439,0.432,0.437,1638044.15
2025-03-12 07:00:00+00:00,0.438,0.447,0.437,0.445,4298952.07
2025-03-12 08:00:00+00:00,0.445,0.457,0.443,0.455,7036053.8
2025-03-12 09:00:00+00:00,0.455,0.461,0.446,0.449,4932734.31
2025-03-12 10:00:00+00:00,0.449,0.45,0.441,0.443,2875980.72
2025-03-12 11:00:00+00:00,0.443,0.451,0.443,0.451,2520709.36
2025-03-12 12:00:00+00:00,0.451,0.477,0.45,0.469,17159417.49
2025-03-12 13:00:00+00:00,0.47,0.471,0.453,0.456,7810108.72
2025-03-12 14:00:00+00:00,0.456,0.458,0.442,0.442,7689884.55
2025-03-12 15:00:00+00:00,0.442,0.451,0.434,0.445,5957162.78
2025-03-12 16:00:00+00:00,0.446,0.46,0.443,0.456,4069130.93
2025-03-12 17:00:00+00:00,0.456,0.46,0.448,0.449,3350238.68
2025-03-12 18:00:00+00:00,0.45,0.46,0.448,0.456,3990284.76
2025-03-12 19:00:00+00:00,0.456,0.46,0.453,0.456,2444262.41
2025-03-12 20:00:00+00:00,0.456,0.459,0.452,0.456,3167020.75
2025-03-12 21:00:00+00:00,0.456,0.473,0.456,0.465,13758756.3
2025-03-12 22:00:00+00:00,0.466,0.474,0.465,0.474,2842438.55
2025-03-12 23:00:00+00:00,0.473,0.481,0.471,0.48,4786779.14
2025-03-13 00:00:00+00:00,0.481,0.49,0.474,0.476,11961651.58
2025-03-13 01:00:00+00:00,0.475,0.481,0.471,0.477,3545042.07
2025-03-13 02:00:00+00:00,0.477,0.487,0.474,0.484,6979709.79
2025-03-13 03:00:00+00:00,0.484,0.501,0.481,0.491,18000903.47
2025-03-13 04:00:00+00:00,0.491,0.492,0.474,0.478,9710204.13
2025-03-13 05:00:00+00:00,0.478,0.479,0.469,0.473,4783045.54
2025-03-13 06:00:00+00:00,0.472,0.475,0.467,0.473,4898170.85
2025-03-13 07:00:00+00:00,0.473,0.489,0.471,0.477,6215581.21
2025-03-13 08:00:00+00:00,0.477,0.492,0.475,0.492,14922258.63
2025-03-13 09:00:00+00:00,0.492,0.5,0.479,0.494,10891551.26
2025-03-13 10:00:00+00:00,0.495,0.496,0.484,0.485,5204916.35
2025-03-13 11:00:00+00:00,0.485,0.487,0.474,0.479,5840901.13
2025-03-13 12:00:00+00:00,0.478,0.487,0.471,0.473,12794137.2
2025-03-13 13:00:00+00:00,0.473,0.479,0.464,0.466,13119535.66
2025-03-13 14:00:00+00:00,0.465,0.48,0.461,0.476,10546071.66
2025-03-13 15:00:00+00:00,0.476,0.478,0.469,0.472,5049515.24
2025-03-13 16:00:00+00:00,0.472,0.473,0.461,0.462,5673043.47
2025-03-13 17:00:00+00:00,0.463,0.465,0.454,0.457,5974027.14
2025-03-13 18:00:00+00:00,0.457,0.468,0.456,0.466,3451928.47
2025-03-13 19:00:00+00:00,0.466,0.469,0.459,0.46,2609924.85
2025-03-13 20:00:00+00:00,0.46,0.46,0.453,0.457,2270906.14
2025-03-13 21:00:00+00:00,0.458,0.46,0.455,0.458,1464992.92
2025-03-13 22:00:00+00:00,0.458,0.468,0.458,0.468,2118128.15
2025-03-13 23:00:00+00:00,0.468,0.476,0.467,0.471,3863388.67
2025-03-14 00:00:00+00:00,0.471,0.479,0.469,0.478,5114093.85
2025-03-14 01:00:00+00:00,0.478,0.484,0.473,0.479,4681035.95
2025-03-14 02:00:00+00:00,0.479,0.487,0.479,0.486,3106460.45
2025-03-14 03:00:00+00:00,0.486,0.487,0.479,0.484,2991402.03
2025-03-14 04:00:00+00:00,0.484,0.487,0.479,0.482,3424714.96
2025-03-14 05:00:00+00:00,0.482,0.495,0.48,0.489,5633552.83
2025-03-14 06:00:00+00:00,0.489,0.495,0.485,0.491,6881049.96
2025-03-14 07:00:00+00:00,0.491,0.495,0.487,0.489,3837740.02
2025-03-14 08:00:00+00:00,0.489,0.496,0.487,0.494,4340337.55
2025-03-14 09:00:00+00:00,0.495,0.499,0.491,0.492,4833155.23
2025-03-14 10:00:00+00:00,0.493,0.497,0.49,0.493,4917831.37
2025-03-14 11:00:00+00:00,0.493,0.499,0.492,0.494,2346818.83
2025-03-14 12:00:00+00:00,0.494,0.496,0.49,0.491,2240059.96
2025-03-14 13:00:00+00:00,0.491,0.504,0.488,0.497,6784073.66
2025-03-14 14:00:00+00:00,0.497,0.51,0.493,0.505,15049119.46
2025-03-14 15:00:00+00:00,0.505,0.527,0.504,0.523,16455648.4
2025-03-14 16:00:00+00:00,0.523,0.529,0.516,0.519,7321159.64
2025-03-14 17:00:00+00:00,0.518,0.522,0.508,0.51,5472509.22
2025-03-14 18:00:00+00:00,0.51,0.515,0.51,0.511,2688712.95
2025-03-14 19:00:00+00:00,0.51,0.514,0.507,0.509,1315438.46
2025-03-14 20:00:00+00:00,0.509,0.51,0.504,0.506,1615042.57
2025-03-14 21:00:00+00:00,0.507,0.51,0.501,0.509,1469838.99
2025-03-14 22:00:00+00:00,0.509,0.516,0.508,0.515,1921774.42
2025-03-14 23:00:00+00:00,0.515,0.517,0.506,0.508,2421829.77
2025-03-15 00:00:00+00:00,0.507,0.512,0.505,0.508,2829383.81
2025-03-15 01:00:00+00:00,0.509,0.509,0.501,0.506,2636322.08
2025-03-15 02:00:00+00:00,0.505,0.508,0.503,0.507,1831906.12
2025-03-15 03:00:00+00:00,0.507,0.513,0.503,0.511,3656852.16
2025-03-15 04:00:00+00:00,0.511,0.515,0.508,0.511,2101143.31
2025-03-15 05:00:00+00:00,0.511,0.512,0.505,0.509,2219138.53
2025-03-15 06:00:00+00:00,0.508,0.51,0.503,0.505,3229571.34
2025-03-15 07:00:00+00:00,0.505,0.507,0.501,0.503,1886819.61
2025-03-15 08:00:00+00:00,0.503,0.505,0.498,0.505,2973452.67
2025-03-15 09:00:00+00:00,0.505,0.508,0.5,0.501,3633728.28
2025-03-15 10:00:00+00:00,0.501,0.501,0.492,0.495,5873221.25
2025-03-15 11:00:00+00:00,0.495,0.5,0.493,0.499,3115097.15
2025-03-15 12:00:00+00:00,0.5,0.502,0.497,0.497,2265182.82
2025-03-15 13:00:00+00:00,0.497,0.506,0.497,0.506,2348735.57
2025-03-15 14:00:00+00:00,0.506,0.506,0.493,0.495,7598102.57
2025-03-15 15:00:00+00:00,0.495,0.504,0.495,0.503,5358678.21
2025-03-15 16:00:00+00:00,0.504,0.505,0.496,0.501,3083834.93
2025-03-15 17:00:00+00:00,0.502,0.507,0.499,0.502,1924072.04
2025-03-15 18:00:00+00:00,0.502,0.504,0.494,0.496,2101499.94
2025-03-15 19:00:00+00:00,0.497,0.497,0.492,0.497,1810949.81
2025-03-15 20:00:00+00:00,0.497,0.505,0.497,0.505,1843714.77
2025-03-15 21:00:00+00:00,0.505,0.507,0.501,0.504,1815614.72
2025-03-15 22:00:00+00:00,0.505,0.505,0.5,0.5,1043644.97
2025-03-15 23:00:00+00:00,0.501,0.502,0.498,0.501,1613214.95
2025-03-16 00:00:00+00:00,0.501,0.502,0.497,0.497,1591488.11
2025-03-16 01:00:00+00:00,0.498,0.5,0.494,0.496,1282816.42
2025-03-16 02:00:00+00:00,0.496,0.498,0.493,0.495,1388391.62
2025-03-16 03:00:00+00:00,0.494,0.502,0.493,0.5,1916998.11
2025-03-16 04:00:00+00:00,0.501,0.502,0.491,0.492,3453190.55
2025-03-16 05:00:00+00:00,0.492,0.498,0.489,0.496,5198352.86
2025-03-16 06:00:00+00:00,0.496,0.497,0.49,0.493,4358778.44
2025-03-16 07:00:00+00:00,0.493,0.495,0.489,0.492,1675267.14
2025-03-16 08:00:00+00:00,0.493,0.495,0.488,0.493,1606497.7
2025-03-16 09:00:00+00:00,0.494,0.498,0.49,0.491,2583023.92
2025-03-16 10:00:00+00:00,0.492,0.494,0.487,0.491,2914264.67
2025-03-16 11:00:00+00:00,0.491,0.491,0.477,0.483,7818736.35
2025-03-16 12:00:00+00:00,0.483,0.484,0.473,0.475,6574740.85
2025-03-16 13:00:00+00:00,0.475,0.48,0.47,0.472,3029699.11
2025-03-16 14:00:00+00:00,0.471,0.476,0.467,0.476,3157870.21
2025-03-16 15:00:00+00:00,0.476,0.478,0.47,0.474,2324651.57
2025-03-16 16:00:00+00:00,0.473,0.488,0.472,0.481,7372710.8
2025-03-16 17:00:00+00:00,0.481,0.485,0.474,0.478,1991328.97
2025-03-16 18:00:00+00:00,0.478,0.478,0.472,0.473,2419129.74
2025-03-16 19:00:00+00:00,0.473,0.475,0.464,0.466,6357357.12
2025-03-16 20:00:00+00:00,0.466,0.469,0.464,0.468,2042460.23
2025-03-16 21:00:00+00:00,0.468,0.471,0.465,0.467,739950.21
2025-03-16 22:00:00+00:00,0.467,0.469,0.461,0.462,2773159.75
2025-03-16 23:00:00+00:00,0.463,0.467,0.459,0.465,3042765.14
2025-03-17 00:00:00+00:00,0.465,0.474,0.464,0.473,2213938.08
2025-03-17 01:00:00+00:00,0.473,0.478,0.47,0.476,2841776.5
2025-03-17 02:00:00+00:00,0.477,0.478,0.473,0.477,1802891.53
2025-03-17 03:00:00+00:00,0.477,0.482,0.476,0.481,2544524.74
2025-03-17 04:00:00+00:00,0.48,0.484,0.478,0.481,1873395.66
2025-03-17 05:00:00+00:00,0.482,0.491,0.479,0.479,7823823.59
2025-03-17 06:00:00+00:00,0.479,0.482,0.472,0.477,2777582.49
2025-03-17 07:00:00+00:00,0.477,0.487,0.476,0.486,3746670.46
2025-03-17 08:00:00+00:00,0.487,0.492,0.481,0.488,3033636.85
2025-03-17 09:00:00+00:00,0.489,0.491,0.484,0.485,2298321.91
2025-03-17 10:00:00+00:00,0.486,0.487,0.479,0.484,2039604.5
2025-03-17 11:00:00+00:00,0.485,0.489,0.481,0.486,2057516.36
2025-03-17 12:00:00+00:00,0.485,0.494,0.48,0.482,8637097.29
2025-03-17 13:00:00+00:00,0.481,0.484,0.476,0.478,4845852.63
2025-03-17 14:00:00+00:00,0.477,0.483,0.472,0.479,4612943.97
2025-03-17 15:00:00+00:00,0.478,0.485,0.475,0.482,3127639.99
2025-03-17 16:00:00+00:00,0.483,0.489,0.478,0.481,2745138.04
2025-03-17 17:00:00+00:00,0.48,0.495,0.478,0.493,4090810.38
2025-03-17 18:00:00+00:00,0.493,0.511,0.491,0.509,8058666.81
2025-03-17 19:00:00+00:00,0.509,0.517,0.505,0.508,7082284.49
2025-03-17 20:00:00+00:00,0.508,0.509,0.497,0.5,2488209.16
2025-03-17 21:00:00+00:00,0.5,0.506,0.496,0.505,1954018.34
2025-03-17 22:00:00+00:00,0.505,0.509,0.503,0.505,1114385.7
2025-03-17 23:00:00+00:00,0.505,0.505,0.498,0.501,1383140.85
2025-03-18 00:00:00+00:00,0.501,0.502,0.491,0.493,2542054.13
2025-03-18 01:00:00+00:00,0.494,0.495,0.475,0.478,3375896.33
2025-03-18 02:00:00+00:00,0.479,0.486,0.478,0.484,2487192.63
2025-03-18 03:00:00+00:00,0.483,0.484,0.475,0.477,1923047.98
2025-03-18 04:00:00+00:00,0.478,0.483,0.476,0.478,2077541.46
2025-03-18 05:00:00+00:00,0.479,0.483,0.475,0.48,1420996.84
2025-03-18 06:00:00+00:00,0.479,0.48,0.469,0.472,2300341.11
2025-03-18 07:00:00+00:00,0.471,0.479,0.47,0.476,1895734.34
2025-03-18 08:00:00+00:00,0.475,0.481,0.472,0.476,1720651.99
2025-03-18 09:00:00+00:00,0.476,0.479,0.469,0.47,2657275.32
2025-03-18 10:00:00+00:00,0.471,0.474,0.466,0.47,1691537.35
2025-03-18 11:00:00+00:00,0.471,0.471,0.459,0.462,4209209.85
2025-03-18 12:00:00+00:00,0.462,0.464,0.457,0.459,2841143.05
2025-03-18 13:00:00+00:00,0.458,0.462,0.454,0.456,3348040.99
2025-03-18 14:00:00+00:00,0.455,0.465,0.453,0.461,3425960.62
2025-03-18 15:00:00+00:00,0.46,0.461,0.453,0.454,4546425.04
2025-03-18 16:00:00+00:00,0.454,0.459,0.453,0.456,2965289.07
2025-03-18 17:00:00+00:00,0.456,0.458,0.45,0.452,1837780.48
2025-03-18 18:00:00+00:00,0.451,0.458,0.451,0.456,2256673.19
2025-03-18 19:00:00+00:00,0.456,0.464,0.455,0.464,3484209.45
2025-03-18 20:00:00+00:00,0.464,0.469,0.461,0.468,1762609.38
2025-03-18 21:00:00+00:00,0.469,0.472,0.464,0.47,1406038.35
2025-03-18 22:00:00+00:00,0.469,0.475,0.468,0.472,1239265.26
2025-03-18 23:00:00+00:00,0.472,0.482,0.472,0.481,4838670.28
2025-03-19 00:00:00+00:00,0.481,0.489,0.478,0.484,4922267.03
2025-03-19 01:00:00+00:00,0.485,0.486,0.479,0.479,3976324.7
2025-03-19 02:00:00+00:00,0.48,0.486,0.478,0.483,2065114.56
2025-03-19 03:00:00+00:00,0.483,0.486,0.479,0.486,2190818.81
2025-03-19 04:00:00+00:00,0.486,0.487,0.481,0.482,2850428.55
2025-03-19 05:00:00+00:00,0.482,0.482,0.478,0.48,1535754.29
2025-03-19 06:00:00+00:00,0.48,0.483,0.479,0.481,1429262.04
2025-03-19 07:00:00+00:00,0.481,0.484,0.477,0.478,2153373.05
2025-03-19 08:00:00+00:00,0.477,0.483,0.477,0.481,1336292.45
2025-03-19 09:00:00+00:00,0.481,0.483,0.478,0.482,3175299.3
2025-03-19 10:00:00+00:00,0.482,0.488,0.479,0.483,3101304.46
2025-03-19 11:00:00+00:00,0.483,0.501,0.48,0.494,8071497.94
2025-03-19 12:00:00+00:00,0.494,0.505,0.491,0.504,8031208.04
2025-03-19 13:00:00+00:00,0.504,0.505,0.492,0.493,14338023.39
2025-03-19 14:00:00+00:00,0.493,0.503,0.493,0.499,6472754.41
2025-03-19 15:00:00+00:00,0.498,0.502,0.494,0.5,3320822.66
2025-03-19 16:00:00+00:00,0.5,0.501,0.492,0.494,2674211.94
2025-03-19 17:00:00+00:00,0.494,0.496,0.483,0.487,4180671.14
2025-03-19 18:00:00+00:00,0.488,0.507,0.482,0.504,9108117.36
2025-03-19 19:00:00+00:00,0.505,0.509,0.495,0.5,6961622.21
2025-03-19 20:00:00+00:00,0.501,0.506,0.498,0.5,2159045.51
2025-03-19 21:00:00+00:00,0.5,0.507,0.5,0.503,1491696.62
2025-03-19 22:00:00+00:00,0.504,0.513,0.503,0.512,2989198.08
2025-03-19 23:00:00+00:00,0.513,0.523,0.507,0.517,4620231.31
2025-03-20 00:00:00+00:00,0.517,0.524,0.51,0.51,8233441.18
2025-03-20 01:00:00+00:00,0.51,0.513,0.5,0.502,4265786.06
2025-03-20 02:00:00+00:00,0.502,0.506,0.5,0.505,2506622.9
2025-03-20 03:00:00+00:00,0.506,0.507,0.496,0.497,2740081.44
2025-03-20 04:00:00+00:00,0.497,0.5,0.495,0.497,1618273.05
2025-03-20 05:00:00+00:00,0.496,0.498,0.492,0.495,1762364.93
2025-03-20 06:00:00+00:00,0.495,0.5,0.494,0.498,1888926.36
2025-03-20 07:00:00+00:00,0.498,0.499,0.492,0.494,1919420.97
2025-03-20 08:00:00+00:00,0.495,0.502,0.492,0.5,3477891.79
2025-03-20 09:00:00+00:00,0.5,0.501,0.493,0.493,2302396.21
2025-03-20 10:00:00+00:00,0.493,0.495,0.482,0.485,5508050.58
2025-03-20 11:00:00+00:00,0.485,0.491,0.484,0.487,1273091.27
2025-03-20 12:00:00+00:00,0.488,0.492,0.486,0.49,1694316.46
2025-03-20 13:00:00+00:00,0.491,0.491,0.484,0.486,2464190.8
2025-03-20 14:00:00+00:00,0.487,0.498,0.486,0.497,4045711.58
2025-03-20 15:00:00+00:00,0.498,0.499,0.483,0.487,5763144.62
2025-03-20 16:00:00+00:00,0.487,0.491,0.481,0.484,4199186.54
2025-03-20 17:00:00+00:00,0.484,0.495,0.483,0.492,3628028.46
2025-03-20 18:00:00+00:00,0.491,0.495,0.489,0.49,2440328.53
2025-03-20 19:00:00+00:00,0.49,0.493,0.488,0.49,1075529.24
2025-03-20 20:00:00+00:00,0.49,0.494,0.488,0.494,660435.8
2025-03-20 21:00:00+00:00,0.494,0.497,0.49,0.496,743625.1
2025-03-20 22:00:00+00:00,0.495,0.503,0.495,0.499,1767975.28
2025-03-20 23:00:00+00:00,0.498,0.508,0.497,0.507,2250515.34
2025-03-21 00:00:00+00:00,0.506,0.523,0.505,0.522,6209994.67
2025-03-21 01:00:00+00:00,0.522,0.533,0.518,0.528,5938699.46
2025-03-21 02:00:00+00:00,0.529,0.532,0.518,0.525,3531205.89
2025-03-21 03:00:00+00:00,0.525,0.526,0.518,0.521,2493220.56
2025-03-21 04:00:00+00:00,0.522,0.526,0.518,0.518,2176062.22
2025-03-21 05:00:00+00:00,0.518,0.519,0.509,0.512,3017771.01
2025-03-21 06:00:00+00:00,0.512,0.513,0.506,0.508,4719127.67
2025-03-21 07:00:00+00:00,0.507,0.508,0.5,0.503,2735775.19
2025-03-21 08:00:00+00:00,0.503,0.506,0.5,0.503,2557181.38
2025-03-21 09:00:00+00:00,0.502,0.505,0.499,0.5,1607705.45
2025-03-21 10:00:00+00:00,0.501,0.502,0.489,0.492,3503283.48
2025-03-21 11:00:00+00:00,0.492,0.492,0.484,0.489,2946440.43
2025-03-21 12:00:00+00:00,0.489,0.494,0.487,0.487,2952632.64
2025-03-21 13:00:00+00:00,0.487,0.495,0.487,0.494,3448883.49
2025-03-21 14:00:00+00:00,0.493,0.494,0.486,0.49,3944679.38
2025-03-21 15:00:00+00:00,0.491,0.491,0.482,0.484,2485297.75
2025-03-21 16:00:00+00:00,0.484,0.494,0.481,0.494,5000795.8
2025-03-21 17:00:00+00:00,0.494,0.494,0.487,0.49,1623444.77
2025-03-21 18:00:00+00:00,0.49,0.498,0.486,0.494,4379169.4
2025-03-21 19:00:00+00:00,0.494,0.498,0.489,0.49,1494739.76
2025-03-21 20:00:00+00:00,0.489,0.496,0.487,0.495,1646381.39
2025-03-21 21:00:00+00:00,0.494,0.506,0.493,0.498,2596525.75
2025-03-21 22:00:00+00:00,0.498,0.5,0.488,0.492,2173051.83
2025-03-21 23:00:00+00:00,0.492,0.493,0.487,0.489,1312948.29
2025-03-22 00:00:00+00:00,0.488,0.494,0.488,0.491,1229232.57
2025-03-22 01:00:00+00:00,0.492,0.494,0.486,0.487,1350076.94
2025-03-22 02:00:00+00:00,0.487,0.493,0.485,0.487,1527230.63
2025-03-22 03:00:00+00:00,0.487,0.496,0.486,0.495,1804022.04
2025-03-22 04:00:00+00:00,0.495,0.506,0.492,0.503,3447555.62
2025-03-22 05:00:00+00:00,0.503,0.519,0.503,0.512,3944728.76
2025-03-22 06:00:00+00:00,0.513,0.516,0.51,0.511,2580413.96
2025-03-22 07:00:00+00:00,0.511,0.518,0.51,0.515,2685623.02
2025-03-22 08:00:00+00:00,0.515,0.52,0.514,0.518,2661518.14
2025-03-22 09:00:00+00:00,0.517,0.525,0.517,0.521,2121324.24
2025-03-22 10:00:00+00:00,0.521,0.524,0.517,0.52,1815636.49
2025-03-22 11:00:00+00:00,0.521,0.524,0.518,0.521,1968908.82
2025-03-22 12:00:00+00:00,0.522,0.523,0.514,0.517,3666520.64
2025-03-22 13:00:00+00:00,0.518,0.521,0.514,0.516,1451096.77
2025-03-22 14:00:00+00:00,0.515,0.516,0.506,0.507,3105489.4
2025-03-22 15:00:00+00:00,0.508,0.526,0.507,0.522,2795890.98
2025-03-22 16:00:00+00:00,0.522,0.529,0.516,0.52,6137680.62
2025-03-22 17:00:00+00:00,0.52,0.523,0.517,0.519,1251283.27
2025-03-22 18:00:00+00:00,0.519,0.524,0.518,0.522,1449430.65
2025-03-22 19:00:00+00:00,0.521,0.523,0.518,0.518,1867836.2
2025-03-22 20:00:00+00:00,0.519,0.52,0.515,0.517,2142248.3
2025-03-22 21:00:00+00:00,0.517,0.519,0.512,0.514,1525604.67
2025-03-22 22:00:00+00:00,0.514,0.517,0.511,0.511,1818911.73
2025-03-22 23:00:00+00:00,0.511,0.512,0.507,0.508,1180580.4
2025-03-23 00:00:00+00:00,0.507,0.51,0.505,0.51,1710950.18
2025-03-23 01:00:00+00:00,0.51,0.512,0.508,0.51,833572.96
2025-03-23 02:00:00+00:00,0.511,0.52,0.51,0.516,1399484.24
2025-03-23 03:00:00+00:00,0.516,0.52,0.513,0.52,1748097.88
2025-03-23 04:00:00+00:00,0.52,0.521,0.508,0.51,1995090.97
2025-03-23 05:00:00+00:00,0.51,0.513,0.506,0.51,3052257.56
2025-03-23 06:00:00+00:00,0.51,0.512,0.506,0.511,2058830.98
2025-03-23 07:00:00+00:00,0.51,0.515,0.508,0.513,1231925.94
2025-03-23 08:00:00+00:00,0.513,0.517,0.51,0.51,1156114.93
2025-03-23 09:00:00+00:00,0.51,0.524,0.509,0.521,3803538.17
2025-03-23 10:00:00+00:00,0.522,0.529,0.521,0.527,3837592.72
2025-03-23 11:00:00+00:00,0.527,0.537,0.527,0.533,7235899.94
2025-03-23 12:00:00+00:00,0.534,0.537,0.521,0.524,3538103.58
2025-03-23 13:00:00+00:00,0.524,0.525,0.517,0.52,4202085.89
2025-03-23 14:00:00+00:00,0.521,0.522,0.508,0.509,4551589.46
2025-03-23 15:00:00+00:00,0.509,0.515,0.508,0.509,3813863.27
2025-03-23 16:00:00+00:00,0.51,0.513,0.507,0.508,3451146.32
2025-03-23 17:00:00+00:00,0.509,0.51,0.501,0.502,2349393.53
2025-03-23 18:00:00+00:00,0.501,0.505,0.498,0.503,2283062.64
2025-03-23 19:00:00+00:00,0.503,0.504,0.5,0.501,1642540.82
2025-03-23 20:00:00+00:00,0.502,0.513,0.501,0.508,5592824.78
2025-03-23 21:00:00+00:00,0.508,0.509,0.501,0.508,3650779.05
2025-03-23 22:00:00+00:00,0.508,0.513,0.507,0.508,2288660.8
2025-03-23 23:00:00+00:00,0.509,0.518,0.506,0.517,2530482.34
2025-03-24 00:00:00+00:00,0.517,0.529,0.508,0.519,7490399.18
2025-03-24 01:00:00+00:00,0.52,0.522,0.505,0.507,5010690.3
2025-03-24 02:00:00+00:00,0.506,0.517,0.505,0.515,2670906.49
2025-03-24 03:00:00+00:00,0.515,0.545,0.514,0.544,11713632.15
2025-03-24 04:00:00+00:00,0.545,0.555,0.543,0.548,7587829.77
2025-03-24 05:00:00+00:00,0.548,0.557,0.546,0.552,2795992.22
2025-03-24 06:00:00+00:00,0.552,0.559,0.547,0.552,4804523.79
2025-03-24 07:00:00+00:00,0.552,0.555,0.546,0.548,3646062.22
2025-03-24 08:00:00+00:00,0.548,0.558,0.545,0.554,4327987.31
2025-03-24 09:00:00+00:00,0.555,0.56,0.553,0.554,3709803.89
2025-03-24 10:00:00+00:00,0.555,0.556,0.549,0.552,2497002.49
2025-03-24 11:00:00+00:00,0.553,0.559,0.55,0.558,3597778.69
2025-03-24 12:00:00+00:00,0.557,0.562,0.551,0.557,4201448.08
2025-03-24 13:00:00+00:00,0.556,0.566,0.551,0.564,5126968.36
2025-03-24 14:00:00+00:00,0.565,0.58,0.555,0.559,9183105.44
2025-03-24 15:00:00+00:00,0.56,0.567,0.557,0.563,5010581.3
2025-03-24 16:00:00+00:00,0.562,0.568,0.551,0.553,11964312.2
2025-03-24 17:00:00+00:00,0.553,0.561,0.552,0.556,12656036.69
2025-03-24 18:00:00+00:00,0.556,0.564,0.555,0.562,3836464.36
2025-03-24 19:00:00+00:00,0.561,0.563,0.555,0.556,2185466.61
2025-03-24 20:00:00+00:00,0.555,0.559,0.551,0.554,1473498.21
2025-03-24 21:00:00+00:00,0.553,0.558,0.551,0.556,1338055.16
2025-03-24 22:00:00+00:00,0.556,0.558,0.552,0.555,1241660.84
2025-03-24 23:00:00+00:00,0.556,0.558,0.549,0.558,1739360.75
2025-03-25 00:00:00+00:00,0.557,0.571,0.555,0.57,4508339.66
2025-03-25 01:00:00+00:00,0.57,0.571,0.547,0.555,7134650.81
2025-03-25 02:00:00+00:00,0.555,0.556,0.55,0.552,1994438.86
2025-03-25 03:00:00+00:00,0.552,0.555,0.541,0.544,3888268.44
2025-03-25 04:00:00+00:00,0.544,0.548,0.538,0.545,4445259.18
2025-03-25 05:00:00+00:00,0.545,0.552,0.542,0.549,2968750.92
2025-03-25 06:00:00+00:00,0.548,0.55,0.544,0.546,2446693.53
2025-03-25 07:00:00+00:00,0.545,0.552,0.544,0.549,3122544.52
2025-03-25 08:00:00+00:00,0.548,0.554,0.548,0.55,1981224.28
2025-03-25 09:00:00+00:00,0.55,0.556,0.546,0.549,3797986.27
2025-03-25 10:00:00+00:00,0.549,0.551,0.544,0.547,1865993.71
2025-03-25 11:00:00+00:00,0.546,0.547,0.538,0.54,7079447.82
2025-03-25 12:00:00+00:00,0.54,0.541,0.534,0.534,3943725.81
2025-03-25 13:00:00+00:00,0.534,0.547,0.533,0.537,5614883.31
2025-03-25 14:00:00+00:00,0.537,0.551,0.533,0.546,6964172.78
2025-03-25 15:00:00+00:00,0.547,0.551,0.542,0.544,2944167.93
2025-03-25 16:00:00+00:00,0.544,0.548,0.54,0.54,2956081.2
2025-03-25 17:00:00+00:00,0.541,0.553,0.541,0.55,1894002.76
2025-03-25 18:00:00+00:00,0.551,0.554,0.543,0.545,2476018.29
2025-03-25 19:00:00+00:00,0.545,0.552,0.544,0.549,1532999.72
2025-03-25 20:00:00+00:00,0.55,0.554,0.546,0.549,2433470.95
2025-03-25 21:00:00+00:00,0.549,0.553,0.546,0.549,2123304.17
2025-03-25 22:00:00+00:00,0.549,0.551,0.544,0.549,1422485.49
2025-03-25 23:00:00+00:00,0.55,0.55,0.545,0.549,1070270.01
2025-03-26 00:00:00+00:00,0.549,0.553,0.546,0.549,1949303.6
2025-03-26 01:00:00+00:00,0.549,0.553,0.546,0.549,2864422.25
2025-03-26 02:00:00+00:00,0.549,0.549,0.538,0.541,2748673.01
2025-03-26 03:00:00+00:00,0.541,0.546,0.538,0.541,1592453.13
2025-03-26 04:00:00+00:00,0.54,0.549,0.539,0.547,1766829.01
2025-03-26 05:00:00+00:00,0.547,0.557,0.546,0.555,3725447.72
2025-03-26 06:00:00+00:00,0.555,0.562,0.553,0.56,4213106.81
2025-03-26 07:00:00+00:00,0.559,0.577,0.558,0.574,8724583.35
2025-03-26 08:00:00+00:00,0.574,0.576,0.561,0.562,8008020.65
2025-03-26 09:00:00+00:00,0.562,0.569,0.555,0.569,4241501.4
2025-03-26 10:00:00+00:00,0.569,0.589,0.567,0.584,6202531.7
2025-03-26 11:00:00+00:00,0.584,0.59,0.578,0.583,6417657.86
2025-03-26 12:00:00+00:00,0.584,0.584,0.566,0.577,4941283.46
2025-03-26 13:00:00+00:00,0.577,0.578,0.551,0.552,10238980.98
2025-03-26 14:00:00+00:00,0.552,0.558,0.541,0.548,9177399.0
2025-03-26 15:00:00+00:00,0.548,0.552,0.538,0.54,5842562.17
2025-03-26 16:00:00+00:00,0.539,0.546,0.535,0.54,4988452.54
2025-03-26 17:00:00+00:00,0.541,0.543,0.531,0.533,5461140.13
2025-03-26 18:00:00+00:00,0.533,0.539,0.531,0.532,3477796.62
2025-03-26 19:00:00+00:00,0.533,0.537,0.524,0.534,3769627.33
2025-03-26 20:00:00+00:00,0.535,0.54,0.533,0.534,2871842.18
2025-03-26 21:00:00+00:00,0.533,0.538,0.526,0.535,1847892.76
2025-03-26 22:00:00+00:00,0.534,0.535,0.524,0.525,1578178.99
2025-03-26 23:00:00+00:00,0.526,0.53,0.522,0.528,3255886.63
2025-03-27 00:00:00+00:00,0.528,0.54,0.525,0.54,4043256.54
2025-03-27 01:00:00+00:00,0.539,0.543,0.535,0.539,2768553.16
2025-03-27 02:00:00+00:00,0.539,0.555,0.538,0.549,3967916.98
2025-03-27 03:00:00+00:00,0.549,0.559,0.546,0.557,6141311.88
2025-03-27 04:00:00+00:00,0.558,0.561,0.552,0.558,3854816.99
2025-03-27 05:00:00+00:00,0.557,0.56,0.548,0.551,2134261.58
2025-03-27 06:00:00+00:00,0.55,0.554,0.543,0.546,2589439.84
2025-03-27 07:00:00+00:00,0.545,0.546,0.541,0.543,2050282.79
2025-03-27 08:00:00+00:00,0.544,0.549,0.54,0.543,1961472.01
2025-03-27 09:00:00+00:00,0.543,0.545,0.541,0.541,1223295.43
2025-03-27 10:00:00+00:00,0.542,0.545,0.529,0.531,3024879.58
2025-03-27 11:00:00+00:00,0.531,0.532,0.516,0.518,5990261.71
2025-03-27 12:00:00+00:00,0.517,0.526,0.516,0.521,3160139.29
2025-03-27 13:00:00+00:00,0.522,0.524,0.509,0.517,6518289.3
2025-03-27 14:00:00+00:00,0.517,0.53,0.515,0.53,3299984.74
2025-03-27 15:00:00+00:00,0.53,0.533,0.519,0.521,3555087.32
2025-03-27 16:00:00+00:00,0.52,0.527,0.516,0.516,2547483.5
2025-03-27 17:00:00+00:00,0.517,0.526,0.516,0.517,2025897.4
2025-03-27 18:00:00+00:00,0.518,0.524,0.517,0.522,2554258.69
2025-03-27 19:00:00+00:00,0.522,0.525,0.519,0.52,2386309.25
2025-03-27 20:00:00+00:00,0.519,0.523,0.515,0.52,947326.66
2025-03-27 21:00:00+00:00,0.52,0.527,0.517,0.525,2127444.12
2025-03-27 22:00:00+00:00,0.524,0.527,0.52,0.521,1108281.28
2025-03-27 23:00:00+00:00,0.521,0.525,0.517,0.52,1612393.44
2025-03-28 00:00:00+00:00,0.52,0.522,0.512,0.521,2998157.36
2025-03-28 01:00:00+00:00,0.521,0.527,0.518,0.523,2329610.01
2025-03-28 02:00:00+00:00,0.523,0.527,0.52,0.522,1210161.79
2025-03-28 03:00:00+00:00,0.523,0.524,0.513,0.518,2075760.85
2025-03-28 04:00:00+00:00,0.518,0.519,0.5,0.506,8046944.33
2025-03-28 05:00:00+00:00,0.505,0.509,0.502,0.502,2805511.61
2025-03-28 06:00:00+00:00,0.502,0.506,0.491,0.494,7028810.6
2025-03-28 07:00:00+00:00,0.494,0.496,0.487,0.489,4081418.24
2025-03-28 08:00:00+00:00,0.488,0.492,0.484,0.485,3070664.1
2025-03-28 09:00:00+00:00,0.485,0.488,0.482,0.484,2477633.0
2025-03-28 10:00:00+00:00,0.484,0.485,0.479,0.48,1965186.52
2025-03-28 11:00:00+00:00,0.479,0.482,0.475,0.48,4818252.07
2025-03-28 12:00:00+00:00,0.48,0.482,0.47,0.473,5065062.95
2025-03-28 13:00:00+00:00,0.473,0.476,0.463,0.465,3260051.83
2025-03-28 14:00:00+00:00,0.464,0.47,0.462,0.464,4129482.25
2025-03-28 15:00:00+00:00,0.465,0.469,0.464,0.465,2441181.07
2025-03-28 16:00:00+00:00,0.466,0.468,0.459,0.46,2605415.47
2025-03-28 17:00:00+00:00,0.461,0.464,0.458,0.464,1540375.09
2025-03-28 18:00:00+00:00,0.463,0.466,0.458,0.46,1596770.97
2025-03-28 19:00:00+00:00,0.461,0.462,0.456,0.459,1370069.96
2025-03-28 20:00:00+00:00,0.458,0.463,0.454,0.456,3826196.11
2025-03-28 21:00:00+00:00,0.456,0.46,0.453,0.457,1745969.18
2025-03-28 22:00:00+00:00,0.457,0.462,0.457,0.462,1045844.58
2025-03-28 23:00:00+00:00,0.463,0.463,0.459,0.461,964381.31
2025-03-29 00:00:00+00:00,0.461,0.467,0.46,0.461,2002633.56
2025-03-29 01:00:00+00:00,0.461,0.466,0.46,0.462,1980188.23
2025-03-29 02:00:00+00:00,0.462,0.463,0.454,0.456,2046181.4
2025-03-29 03:00:00+00:00,0.455,0.461,0.449,0.46,2629032.59
2025-03-29 04:00:00+00:00,0.459,0.46,0.452,0.455,1260378.98
2025-03-29 05:00:00+00:00,0.454,0.455,0.448,0.45,1906402.68
2025-03-29 06:00:00+00:00,0.451,0.452,0.444,0.448,3443617.32
2025-03-29 07:00:00+00:00,0.448,0.45,0.442,0.445,2669951.12
2025-03-29 08:00:00+00:00,0.444,0.45,0.443,0.447,2417828.38
2025-03-29 09:00:00+00:00,0.447,0.448,0.438,0.444,3699155.15
2025-03-29 10:00:00+00:00,0.444,0.445,0.437,0.44,4477486.04
2025-03-29 11:00:00+00:00,0.439,0.44,0.43,0.435,3511409.62
2025-03-29 12:00:00+00:00,0.436,0.441,0.433,0.437,1627644.69
2025-03-29 13:00:00+00:00,0.438,0.443,0.437,0.44,2412272.83
2025-03-29 14:00:00+00:00,0.44,0.44,0.431,0.433,1631485.37
2025-03-29 15:00:00+00:00,0.433,0.436,0.43,0.431,1284646.94
2025-03-29 16:00:00+00:00,0.432,0.434,0.425,0.427,2522630.76
2025-03-29 17:00:00+00:00,0.426,0.432,0.421,0.425,5146588.18
2025-03-29 18:00:00+00:00,0.426,0.429,0.422,0.424,4020120.75
2025-03-29 19:00:00+00:00,0.425,0.429,0.422,0.428,1982806.18
2025-03-29 20:00:00+00:00,0.429,0.429,0.421,0.422,2514449.49
2025-03-29 21:00:00+00:00,0.423,0.428,0.422,0.426,1347750.53
2025-03-29 22:00:00+00:00,0.427,0.428,0.425,0.427,982474.31
2025-03-29 23:00:00+00:00,0.427,0.434,0.426,0.433,1137066.0
2025-03-30 00:00:00+00:00,0.433,0.435,0.427,0.432,2103366.11
2025-03-30 01:00:00+00:00,0.432,0.439,0.432,0.434,2731515.09
2025-03-30 02:00:00+00:00,0.435,0.44,0.433,0.437,1842556.56
2025-03-30 03:00:00+00:00,0.437,0.44,0.434,0.435,1053381.12
2025-03-30 04:00:00+00:00,0.436,0.439,0.435,0.438,864284.44
2025-03-30 05:00:00+00:00,0.438,0.442,0.435,0.436,1024314.61
2025-03-30 06:00:00+00:00,0.436,0.442,0.434,0.44,1181128.56
2025-03-30 07:00:00+00:00,0.44,0.441,0.436,0.437,923859.53
2025-03-30 08:00:00+00:00,0.438,0.443,0.436,0.442,2385383.69
2025-03-30 09:00:00+00:00,0.442,0.444,0.439,0.44,855197.44
2025-03-30 10:00:00+00:00,0.441,0.444,0.436,0.436,843127.37
2025-03-30 11:00:00+00:00,0.437,0.442,0.434,0.437,905066.38
2025-03-30 12:00:00+00:00,0.437,0.44,0.434,0.437,1007661.32
2025-03-30 13:00:00+00:00,0.437,0.439,0.431,0.432,2341217.68
2025-03-30 14:00:00+00:00,0.432,0.437,0.429,0.433,2112794.33
2025-03-30 15:00:00+00:00,0.434,0.438,0.432,0.435,1811380.49
2025-03-30 16:00:00+00:00,0.435,0.436,0.428,0.43,1417165.29
2025-03-30 17:00:00+00:00,0.429,0.435,0.428,0.434,1243850.83
2025-03-30 18:00:00+00:00,0.434,0.443,0.434,0.443,1835920.49
2025-03-30 19:00:00+00:00,0.443,0.445,0.438,0.439,906548.18
2025-03-30 20:00:00+00:00,0.439,0.441,0.436,0.438,670042.35
2025-03-30 21:00:00+00:00,0.438,0.443,0.435,0.437,864567.04
2025-03-30 22:00:00+00:00,0.437,0.441,0.429,0.438,1741363.6
2025-03-30 23:00:00+00:00,0.438,0.438,0.43,0.436,2816218.07
2025-03-31 00:00:00+00:00,0.437,0.438,0.424,0.429,4720000.38
2025-03-31 01:00:00+00:00,0.43,0.443,0.428,0.441,3913697.66
2025-03-31 02:00:00+00:00,0.441,0.442,0.436,0.438,2095312.73
2025-03-31 03:00:00+00:00,0.438,0.44,0.43,0.432,1966377.12
2025-03-31 04:00:00+00:00,0.432,0.436,0.427,0.434,1964326.67
2025-03-31 05:00:00+00:00,0.433,0.439,0.431,0.432,1530390.58
2025-03-31 06:00:00+00:00,0.431,0.434,0.428,0.431,1566061.67
2025-03-31 07:00:00+00:00,0.431,0.434,0.423,0.427,1856437.49
2025-03-31 08:00:00+00:00,0.426,0.432,0.424,0.425,1360160.96
2025-03-31 09:00:00+00:00,0.424,0.427,0.418,0.422,3498095.62
2025-03-31 10:00:00+00:00,0.422,0.429,0.417,0.428,1616988.01
2025-03-31 11:00:00+00:00,0.427,0.43,0.419,0.426,2043364.88
2025-03-31 12:00:00+00:00,0.427,0.438,0.424,0.433,4125517.88
2025-03-31 13:00:00+00:00,0.434,0.434,0.42,0.425,2561369.53
2025-03-31 14:00:00+00:00,0.425,0.436,0.425,0.434,4537530.93
2025-03-31 15:00:00+00:00,0.434,0.438,0.433,0.434,2501894.52
2025-03-31 16:00:00+00:00,0.434,0.437,0.427,0.428,2696560.89
2025-03-31 17:00:00+00:00,0.428,0.431,0.42,0.421,5330793.96
2025-03-31 18:00:00+00:00,0.421,0.426,0.419,0.423,2823730.71
2025-03-31 19:00:00+00:00,0.423,0.426,0.418,0.42,2254498.61
2025-03-31 20:00:00+00:00,0.42,0.424,0.417,0.419,3020933.78
2025-03-31 21:00:00+00:00,0.419,0.423,0.417,0.419,1478073.11
2025-03-31 22:00:00+00:00,0.418,0.42,0.414,0.419,2142245.71
2025-03-31 23:00:00+00:00,0.42,0.424,0.418,0.42,1522615.43
