time,open,high,low,close,tick_volume,spread,real_volume
2025-02-20 00:00:00+00:00,2935.82,2937.48,2932.29,2932.99,1722,8,0
2025-02-20 02:00:00+00:00,2933.46,2936.08,2933.33,2935.26,831,5,0
2025-02-20 03:00:00+00:00,2935.25,2941.22,2935.25,2940.84,2010,5,0
2025-02-20 04:00:00+00:00,2940.87,2942.45,2934.61,2937.13,4446,5,0
2025-02-20 05:00:00+00:00,2937.13,2941.53,2933.88,2940.78,4030,6,0
2025-02-20 06:00:00+00:00,2940.82,2944.05,2940.49,2941.91,2736,5,0
2025-02-20 07:00:00+00:00,2941.91,2942.56,2939.22,2939.91,1963,5,0
2025-02-20 08:00:00+00:00,2940.22,2946.84,2939.36,2946.81,2821,5,0
2025-02-20 09:00:00+00:00,2946.81,2948.89,2943.95,2947.75,3404,5,0
2025-02-20 10:00:00+00:00,2947.72,2954.18,2946.35,2948.95,3407,5,0
2025-02-20 11:00:00+00:00,2949.0,2954.83,2948.92,2954.62,3751,5,0
2025-02-20 12:00:00+00:00,2954.62,2954.91,2949.9,2951.61,3443,7,0
2025-02-20 13:00:00+00:00,2951.52,2954.82,2949.1,2952.36,3894,7,0
2025-02-20 14:00:00+00:00,2952.36,2952.9,2947.22,2948.76,3056,5,0
2025-02-20 15:00:00+00:00,2948.73,2950.8,2939.02,2945.41,4384,8,0
2025-02-20 16:00:00+00:00,2945.3,2947.52,2933.8,2934.01,5489,5,0
2025-02-20 17:00:00+00:00,2933.38,2939.91,2924.26,2935.15,6074,5,0
2025-02-20 18:00:00+00:00,2935.11,2939.55,2931.56,2938.54,5425,5,0
2025-02-20 19:00:00+00:00,2938.63,2945.67,2936.01,2943.1,4825,5,0
2025-02-20 20:00:00+00:00,2942.93,2946.99,2940.22,2940.57,4373,8,0
2025-02-20 21:00:00+00:00,2940.46,2942.48,2937.49,2941.73,4196,5,0
2025-02-20 22:00:00+00:00,2941.86,2941.86,2933.64,2937.9,3864,5,0
2025-02-20 23:00:00+00:00,2938.06,2938.8,2935.62,2937.79,3655,5,0
2025-02-21 00:00:00+00:00,2937.79,2940.37,2937.58,2939.06,1439,5,0
2025-02-21 02:00:00+00:00,2938.84,2943.3,2938.2,2941.32,1145,10,0
2025-02-21 03:00:00+00:00,2941.39,2942.73,2937.01,2939.99,1646,15,0
2025-02-21 04:00:00+00:00,2939.99,2949.59,2926.84,2928.69,4770,5,0
2025-02-21 05:00:00+00:00,2928.65,2941.0,2926.2,2939.02,4283,5,0
2025-02-21 06:00:00+00:00,2939.03,2939.73,2927.07,2931.19,3946,5,0
2025-02-21 07:00:00+00:00,2931.2,2932.23,2926.55,2928.38,2789,10,0
2025-02-21 08:00:00+00:00,2928.3,2933.9,2924.22,2930.21,3748,9,0
2025-02-21 09:00:00+00:00,2930.05,2931.45,2925.49,2929.77,3618,5,0
2025-02-21 10:00:00+00:00,2929.72,2933.03,2929.01,2930.09,2568,5,0
2025-02-21 11:00:00+00:00,2929.92,2931.3,2916.74,2923.29,4344,6,0
2025-02-21 12:00:00+00:00,2923.23,2929.63,2923.07,2929.25,3452,5,0
2025-02-21 13:00:00+00:00,2929.36,2931.02,2928.88,2930.5,2586,6,0
2025-02-21 14:00:00+00:00,2930.54,2936.06,2928.03,2928.37,3309,5,0
2025-02-21 15:00:00+00:00,2928.4,2935.22,2927.58,2930.11,3824,5,0
2025-02-21 16:00:00+00:00,2930.11,2934.55,2926.84,2930.94,4831,5,0
2025-02-21 17:00:00+00:00,2930.91,2938.97,2928.24,2933.68,5233,5,0
2025-02-21 18:00:00+00:00,2933.19,2935.68,2921.76,2928.8,5907,5,0
2025-02-21 19:00:00+00:00,2928.67,2938.4,2927.35,2936.78,4761,5,0
2025-02-21 20:00:00+00:00,2936.79,2941.63,2936.2,2939.78,4204,6,0
2025-02-21 21:00:00+00:00,2939.81,2942.72,2937.69,2941.89,4331,5,0
2025-02-21 22:00:00+00:00,2941.98,2942.56,2932.91,2933.46,3946,5,0
2025-02-21 23:00:00+00:00,2933.22,2937.22,2932.49,2934.8,4340,5,0
2025-02-22 00:00:00+00:00,2934.7,2938.04,2932.09,2935.89,1342,5,0
2025-02-24 02:00:00+00:00,2934.65,2940.6,2933.91,2937.0,2759,5,0
2025-02-24 03:00:00+00:00,2936.8,2938.04,2929.52,2930.13,2589,5,0
2025-02-24 04:00:00+00:00,2930.19,2931.43,2921.33,2928.07,4744,5,0
2025-02-24 05:00:00+00:00,2927.88,2940.91,2925.03,2940.87,3795,5,0
2025-02-24 06:00:00+00:00,2940.81,2944.64,2939.23,2941.0,3989,5,0
2025-02-24 07:00:00+00:00,2941.2,2943.05,2937.36,2940.61,3008,5,0
2025-02-24 08:00:00+00:00,2940.87,2941.86,2935.52,2936.36,3159,5,0
2025-02-24 09:00:00+00:00,2936.27,2942.05,2935.37,2938.57,2829,5,0
2025-02-24 10:00:00+00:00,2938.57,2944.84,2938.23,2943.84,3112,10,0
2025-02-24 11:00:00+00:00,2944.28,2948.74,2938.19,2946.37,4075,5,0
2025-02-24 12:00:00+00:00,2946.23,2948.24,2942.88,2944.16,3717,5,0
2025-02-24 13:00:00+00:00,2944.28,2944.65,2934.91,2938.4,3376,5,0
2025-02-24 14:00:00+00:00,2938.39,2948.23,2937.69,2947.74,3430,10,0
2025-02-24 15:00:00+00:00,2947.73,2951.12,2945.44,2946.46,3492,7,0
2025-02-24 16:00:00+00:00,2946.34,2954.52,2946.26,2954.4,4685,5,0
2025-02-24 17:00:00+00:00,2954.39,2956.18,2934.72,2938.87,5820,5,0
2025-02-24 18:00:00+00:00,2938.56,2940.49,2930.78,2936.52,5906,5,0
2025-02-24 19:00:00+00:00,2936.49,2943.63,2936.47,2943.37,4929,5,0
2025-02-24 20:00:00+00:00,2943.4,2944.71,2941.01,2943.42,4393,6,0
2025-02-24 21:00:00+00:00,2943.1,2947.99,2942.84,2947.41,3773,8,0
2025-02-24 22:00:00+00:00,2947.49,2949.89,2946.88,2949.25,3490,5,0
2025-02-24 23:00:00+00:00,2949.21,2951.51,2947.06,2950.61,3377,10,0
2025-02-25 00:00:00+00:00,2950.61,2953.06,2950.36,2952.62,1329,5,0
2025-02-25 02:00:00+00:00,2952.64,2953.79,2948.12,2949.92,2101,6,0
2025-02-25 03:00:00+00:00,2950.05,2952.61,2948.23,2949.69,1701,5,0
2025-02-25 04:00:00+00:00,2949.71,2952.51,2945.29,2949.52,4583,5,0
2025-02-25 05:00:00+00:00,2949.6,2952.47,2947.07,2948.6,3570,5,0
2025-02-25 06:00:00+00:00,2948.26,2949.51,2937.51,2939.61,4320,12,0
2025-02-25 07:00:00+00:00,2939.56,2939.9,2935.03,2936.82,2753,10,0
2025-02-25 08:00:00+00:00,2936.82,2940.96,2936.57,2938.09,3181,7,0
2025-02-25 09:00:00+00:00,2937.99,2938.44,2933.58,2935.78,3432,5,0
2025-02-25 10:00:00+00:00,2935.71,2940.35,2930.67,2931.71,4298,5,0
2025-02-25 11:00:00+00:00,2931.79,2942.43,2929.52,2941.62,4277,5,0
2025-02-25 12:00:00+00:00,2941.63,2942.42,2937.5,2938.97,3670,5,0
2025-02-25 13:00:00+00:00,2938.97,2941.5,2937.42,2937.56,3629,13,0
2025-02-25 14:00:00+00:00,2937.58,2940.46,2937.11,2938.64,3412,5,0
2025-02-25 15:00:00+00:00,2938.64,2941.35,2924.03,2928.53,5139,5,0
2025-02-25 16:00:00+00:00,2928.77,2937.98,2926.24,2937.42,5736,5,0
2025-02-25 17:00:00+00:00,2937.24,2944.84,2932.06,2932.74,5642,5,0
2025-02-25 18:00:00+00:00,2932.64,2934.89,2900.53,2905.7,6544,5,0
2025-02-25 19:00:00+00:00,2905.88,2906.82,2888.27,2896.35,6097,5,0
2025-02-25 20:00:00+00:00,2896.41,2908.82,2893.7,2907.51,5237,5,0
2025-02-25 21:00:00+00:00,2907.6,2912.24,2905.47,2909.58,4752,5,0
2025-02-25 22:00:00+00:00,2909.51,2913.97,2905.86,2912.15,3935,8,0
2025-02-25 23:00:00+00:00,2912.16,2913.4,2910.88,2912.78,4007,6,0
2025-02-26 00:00:00+00:00,2912.82,2917.37,2912.69,2914.82,2357,6,0
2025-02-26 02:00:00+00:00,2915.14,2919.0,2913.61,2918.69,1919,5,0
2025-02-26 03:00:00+00:00,2918.85,2925.97,2918.67,2923.52,2573,5,0
2025-02-26 04:00:00+00:00,2923.53,2930.08,2915.27,2917.68,4355,6,0
2025-02-26 05:00:00+00:00,2917.7,2923.14,2914.8,2921.07,3732,5,0
2025-02-26 06:00:00+00:00,2921.05,2921.72,2916.56,2917.28,2036,9,0
2025-02-26 07:00:00+00:00,2917.14,2918.77,2912.68,2915.02,1989,8,0
2025-02-26 08:00:00+00:00,2915.02,2921.02,2914.86,2915.41,2924,6,0
2025-02-26 09:00:00+00:00,2915.38,2916.23,2906.58,2906.62,3148,5,0
2025-02-26 10:00:00+00:00,2906.58,2917.42,2905.8,2915.35,3762,5,0
2025-02-26 11:00:00+00:00,2915.06,2918.41,2909.48,2918.0,3993,5,0
2025-02-26 12:00:00+00:00,2917.94,2918.9,2912.31,2913.26,3493,7,0
2025-02-26 13:00:00+00:00,2913.61,2916.86,2911.08,2912.71,3482,15,0
2025-02-26 14:00:00+00:00,2912.7,2915.38,2912.06,2913.76,2741,6,0
2025-02-26 15:00:00+00:00,2913.73,2915.42,2910.04,2913.86,3421,10,0
2025-02-26 16:00:00+00:00,2914.14,2915.08,2905.49,2905.85,4948,9,0
2025-02-26 17:00:00+00:00,2905.86,2906.19,2890.77,2901.09,6089,5,0
2025-02-26 18:00:00+00:00,2901.13,2914.26,2898.5,2913.61,5473,5,0
2025-02-26 19:00:00+00:00,2913.65,2916.62,2909.98,2913.11,4858,6,0
2025-02-26 20:00:00+00:00,2913.08,2916.31,2910.33,2913.74,4517,7,0
2025-02-26 21:00:00+00:00,2913.58,2916.26,2912.36,2914.92,3948,5,0
2025-02-26 22:00:00+00:00,2914.85,2916.34,2913.33,2913.88,2765,11,0
2025-02-26 23:00:00+00:00,2913.89,2916.74,2912.05,2916.3,3184,14,0
2025-02-27 00:00:00+00:00,2916.32,2918.77,2915.85,2916.11,1835,10,0
2025-02-27 02:00:00+00:00,2916.79,2920.76,2915.57,2919.14,1161,5,0
2025-02-27 03:00:00+00:00,2919.12,2919.14,2915.93,2917.1,1568,13,0
2025-02-27 04:00:00+00:00,2917.16,2918.27,2911.11,2912.66,4329,5,0
2025-02-27 05:00:00+00:00,2912.67,2914.8,2904.39,2906.75,3832,10,0
2025-02-27 06:00:00+00:00,2906.85,2909.01,2905.27,2905.7,3067,12,0
2025-02-27 07:00:00+00:00,2905.58,2906.53,2896.32,2897.37,3184,5,0
2025-02-27 08:00:00+00:00,2897.44,2898.45,2888.61,2890.99,4663,5,0
2025-02-27 09:00:00+00:00,2891.0,2898.45,2890.82,2894.18,4344,5,0
2025-02-27 10:00:00+00:00,2894.13,2896.7,2887.91,2891.85,4258,5,0
2025-02-27 11:00:00+00:00,2891.83,2892.2,2880.67,2881.3,4909,5,0
2025-02-27 12:00:00+00:00,2881.45,2893.4,2877.1,2887.34,4312,5,0
2025-02-27 13:00:00+00:00,2887.25,2894.88,2886.79,2892.21,3578,5,0
2025-02-27 14:00:00+00:00,2892.18,2894.86,2883.42,2883.9,3995,5,0
2025-02-27 15:00:00+00:00,2883.98,2888.73,2883.12,2885.0,4268,5,0
2025-02-27 16:00:00+00:00,2885.02,2892.16,2881.13,2888.97,5576,5,0
2025-02-27 17:00:00+00:00,2888.71,2892.31,2867.79,2872.19,6025,5,0
2025-02-27 18:00:00+00:00,2872.63,2882.46,2870.37,2872.26,5972,5,0
2025-02-27 19:00:00+00:00,2872.34,2878.17,2871.85,2877.37,5084,5,0
2025-02-27 20:00:00+00:00,2877.82,2883.78,2876.16,2883.23,4778,7,0
2025-02-27 21:00:00+00:00,2883.22,2887.43,2882.82,2887.42,3774,5,0
2025-02-27 22:00:00+00:00,2887.5,2887.73,2877.25,2879.17,4038,5,0
2025-02-27 23:00:00+00:00,2879.29,2879.3,2872.78,2873.97,4984,8,0
2025-02-28 00:00:00+00:00,2873.91,2877.88,2871.3,2877.12,1745,5,0
2025-02-28 02:00:00+00:00,2877.11,2878.43,2874.56,2876.06,1376,5,0
2025-02-28 03:00:00+00:00,2876.04,2880.28,2875.08,2877.05,2548,5,0
2025-02-28 04:00:00+00:00,2877.11,2885.05,2873.91,2874.82,5348,5,0
2025-02-28 05:00:00+00:00,2874.68,2877.88,2870.44,2873.36,5144,9,0
2025-02-28 06:00:00+00:00,2873.39,2876.26,2863.74,2865.75,4564,5,0
2025-02-28 07:00:00+00:00,2865.71,2866.06,2856.98,2863.54,4382,5,0
2025-02-28 08:00:00+00:00,2863.36,2867.0,2861.83,2864.01,4283,10,0
2025-02-28 09:00:00+00:00,2864.24,2866.66,2861.94,2863.58,4792,11,0
2025-02-28 10:00:00+00:00,2863.57,2865.16,2857.23,2858.68,4359,5,0
2025-02-28 11:00:00+00:00,2858.63,2860.33,2851.05,2855.93,4614,12,0
2025-02-28 12:00:00+00:00,2855.95,2864.24,2855.87,2862.4,4551,5,0
2025-02-28 13:00:00+00:00,2862.38,2864.92,2860.7,2862.78,3448,5,0
2025-02-28 14:00:00+00:00,2862.77,2863.67,2859.08,2862.19,3542,13,0
2025-02-28 15:00:00+00:00,2862.27,2864.93,2854.38,2856.17,4423,6,0
2025-02-28 16:00:00+00:00,2856.25,2862.32,2848.31,2848.58,5682,5,0
2025-02-28 17:00:00+00:00,2848.68,2851.61,2833.36,2833.79,6302,5,0
2025-02-28 18:00:00+00:00,2833.45,2850.67,2832.57,2850.16,6242,5,0
2025-02-28 19:00:00+00:00,2850.62,2853.94,2846.42,2848.66,5275,5,0
2025-02-28 20:00:00+00:00,2848.62,2851.46,2844.5,2845.09,4523,5,0
2025-02-28 21:00:00+00:00,2845.03,2847.71,2838.02,2845.3,5007,5,0
2025-02-28 22:00:00+00:00,2845.4,2850.95,2844.24,2849.68,4127,9,0
2025-02-28 23:00:00+00:00,2849.48,2854.99,2847.81,2854.83,4535,5,0
2025-03-01 00:00:00+00:00,2854.88,2859.28,2853.37,2859.06,1888,15,0
2025-03-03 02:00:00+00:00,2857.88,2876.88,2857.88,2870.81,3989,0,0
2025-03-03 03:00:00+00:00,2871.17,2871.17,2865.37,2865.82,3124,5,0
2025-03-03 04:00:00+00:00,2865.79,2871.92,2864.14,2870.85,4587,5,0
2025-03-03 05:00:00+00:00,2870.85,2871.95,2867.89,2868.27,4105,8,0
2025-03-03 06:00:00+00:00,2867.99,2868.05,2859.3,2864.82,4483,6,0
2025-03-03 07:00:00+00:00,2864.85,2868.43,2863.1,2867.41,2521,12,0
2025-03-03 08:00:00+00:00,2867.26,2867.31,2861.34,2863.83,3471,9,0
2025-03-03 09:00:00+00:00,2863.72,2866.05,2861.82,2865.59,4013,5,0
2025-03-03 10:00:00+00:00,2865.91,2866.24,2860.11,2863.33,3822,5,0
2025-03-03 11:00:00+00:00,2863.48,2868.77,2858.83,2868.56,4801,5,0
2025-03-03 12:00:00+00:00,2868.72,2871.43,2864.28,2867.45,4467,6,0
2025-03-03 13:00:00+00:00,2867.46,2873.57,2867.24,2871.93,3633,5,0
2025-03-03 14:00:00+00:00,2871.93,2875.43,2871.25,2874.36,2965,7,0
2025-03-03 15:00:00+00:00,2874.24,2877.65,2873.95,2875.63,3521,5,0
2025-03-03 16:00:00+00:00,2875.57,2876.25,2868.72,2872.63,4750,5,0
2025-03-03 17:00:00+00:00,2872.63,2882.97,2871.29,2876.68,4962,5,0
2025-03-03 18:00:00+00:00,2875.65,2890.45,2873.82,2887.85,5746,5,0
2025-03-03 19:00:00+00:00,2887.92,2893.09,2886.15,2891.42,4527,5,0
2025-03-03 20:00:00+00:00,2891.42,2892.92,2887.33,2890.82,4495,10,0
2025-03-03 21:00:00+00:00,2890.8,2892.42,2886.72,2889.96,4868,5,0
2025-03-03 22:00:00+00:00,2889.91,2891.31,2879.74,2881.59,4593,5,0
2025-03-03 23:00:00+00:00,2881.55,2891.49,2878.41,2890.45,5294,5,0
2025-03-04 00:00:00+00:00,2890.62,2895.29,2890.23,2892.99,2060,5,0
2025-03-04 02:00:00+00:00,2892.44,2893.4,2890.56,2890.96,1316,8,0
2025-03-04 03:00:00+00:00,2890.97,2893.82,2889.92,2891.8,2018,8,0
2025-03-04 04:00:00+00:00,2891.86,2893.03,2881.99,2888.34,4384,5,0
2025-03-04 05:00:00+00:00,2888.29,2889.45,2884.71,2885.5,3903,11,0
2025-03-04 06:00:00+00:00,2885.43,2892.92,2884.91,2888.67,3174,10,0
2025-03-04 07:00:00+00:00,2888.52,2892.8,2886.84,2891.34,2831,12,0
2025-03-04 08:00:00+00:00,2891.34,2894.45,2888.46,2889.7,3432,12,0
2025-03-04 09:00:00+00:00,2889.68,2889.96,2884.29,2887.26,3205,5,0
2025-03-04 10:00:00+00:00,2887.42,2901.13,2887.06,2899.98,3700,5,0
2025-03-04 11:00:00+00:00,2899.66,2918.79,2896.77,2913.96,5044,5,0
2025-03-04 12:00:00+00:00,2914.39,2921.35,2912.52,2918.09,3606,5,0
2025-03-04 13:00:00+00:00,2917.98,2918.19,2912.07,2914.7,3499,5,0
2025-03-04 14:00:00+00:00,2914.69,2921.68,2913.03,2920.08,3541,5,0
2025-03-04 15:00:00+00:00,2920.03,2925.42,2918.73,2924.8,3978,5,0
2025-03-04 16:00:00+00:00,2925.03,2927.76,2919.88,2922.59,5705,5,0
2025-03-04 17:00:00+00:00,2922.73,2923.12,2903.29,2903.46,6002,5,0
2025-03-04 18:00:00+00:00,2903.02,2912.16,2900.34,2906.03,6177,5,0
2025-03-04 19:00:00+00:00,2906.01,2915.87,2903.82,2915.19,5404,5,0
2025-03-04 20:00:00+00:00,2915.27,2916.38,2911.09,2911.63,4597,5,0
2025-03-04 21:00:00+00:00,2911.57,2915.16,2908.32,2911.19,4197,5,0
2025-03-04 22:00:00+00:00,2911.11,2916.51,2911.11,2916.1,3970,8,0
2025-03-04 23:00:00+00:00,2915.92,2920.52,2914.37,2917.17,4608,5,0
2025-03-05 00:00:00+00:00,2917.47,2918.43,2913.2,2917.7,2276,5,0
2025-03-05 02:00:00+00:00,2918.13,2918.27,2913.39,2914.33,1248,5,0
2025-03-05 03:00:00+00:00,2914.29,2916.88,2912.24,2914.05,2083,5,0
2025-03-05 04:00:00+00:00,2914.21,2915.03,2903.59,2907.15,4434,6,0
2025-03-05 05:00:00+00:00,2907.22,2914.51,2902.16,2904.31,4405,7,0
2025-03-05 06:00:00+00:00,2904.36,2913.4,2903.37,2908.72,3557,5,0
2025-03-05 07:00:00+00:00,2908.69,2912.63,2908.56,2910.5,2324,6,0
2025-03-05 08:00:00+00:00,2910.47,2918.74,2910.02,2918.74,3157,7,0
2025-03-05 09:00:00+00:00,2918.66,2921.63,2913.58,2916.96,3713,10,0
2025-03-05 10:00:00+00:00,2917.04,2919.8,2913.08,2918.01,4632,12,0
2025-03-05 11:00:00+00:00,2917.7,2922.02,2916.75,2919.92,4913,6,0
2025-03-05 12:00:00+00:00,2919.95,2922.53,2913.25,2918.81,4424,5,0
2025-03-05 13:00:00+00:00,2918.76,2919.1,2909.07,2913.37,4382,10,0
2025-03-05 14:00:00+00:00,2913.25,2917.23,2911.97,2913.2,3961,10,0
2025-03-05 15:00:00+00:00,2913.33,2919.27,2912.27,2916.1,4568,5,0
2025-03-05 16:00:00+00:00,2915.95,2916.41,2894.3,2899.92,5738,5,0
2025-03-05 17:00:00+00:00,2899.64,2917.15,2897.67,2911.45,6138,5,0
2025-03-05 18:00:00+00:00,2908.76,2923.72,2908.14,2917.05,6342,5,0
2025-03-05 19:00:00+00:00,2917.0,2930.06,2915.2,2923.73,5641,6,0
2025-03-05 20:00:00+00:00,2923.78,2925.25,2913.78,2916.07,5073,5,0
2025-03-05 21:00:00+00:00,2916.05,2920.6,2911.23,2917.48,4895,6,0
2025-03-05 22:00:00+00:00,2917.55,2921.41,2916.33,2920.56,4175,9,0
2025-03-05 23:00:00+00:00,2920.58,2923.06,2919.68,2922.13,4260,6,0
2025-03-06 00:00:00+00:00,2922.02,2922.28,2917.79,2919.13,1265,8,0
2025-03-06 02:00:00+00:00,2919.67,2919.67,2916.7,2918.28,954,5,0
2025-03-06 03:00:00+00:00,2918.22,2920.29,2916.66,2916.81,1695,5,0
2025-03-06 04:00:00+00:00,2916.8,2925.63,2915.98,2924.62,4227,6,0
2025-03-06 05:00:00+00:00,2924.82,2926.52,2922.96,2925.61,3342,6,0
2025-03-06 06:00:00+00:00,2925.61,2925.61,2920.19,2921.26,2646,9,0
2025-03-06 07:00:00+00:00,2921.26,2921.59,2916.38,2917.36,2158,7,0
2025-03-06 08:00:00+00:00,2917.32,2920.68,2914.53,2919.77,2980,6,0
2025-03-06 09:00:00+00:00,2919.81,2923.06,2919.81,2920.63,3311,5,0
2025-03-06 10:00:00+00:00,2920.6,2922.57,2909.8,2910.18,4571,5,0
2025-03-06 11:00:00+00:00,2910.23,2911.37,2901.07,2904.78,5082,5,0
2025-03-06 12:00:00+00:00,2904.45,2905.24,2891.12,2894.17,5036,5,0
2025-03-06 13:00:00+00:00,2894.19,2905.2,2891.93,2899.23,4916,5,0
2025-03-06 14:00:00+00:00,2899.03,2907.62,2898.6,2905.79,4205,9,0
2025-03-06 15:00:00+00:00,2905.82,2907.14,2899.21,2903.12,4502,5,0
2025-03-06 16:00:00+00:00,2903.09,2909.43,2900.92,2904.48,5431,6,0
2025-03-06 17:00:00+00:00,2904.38,2916.56,2903.45,2915.03,5371,5,0
2025-03-06 18:00:00+00:00,2915.19,2922.67,2909.02,2914.47,6065,5,0
2025-03-06 19:00:00+00:00,2914.64,2918.44,2912.55,2917.19,4906,5,0
2025-03-06 20:00:00+00:00,2917.24,2921.38,2914.4,2915.34,4473,12,0
2025-03-06 21:00:00+00:00,2915.59,2920.59,2913.82,2916.26,4127,5,0
2025-03-06 22:00:00+00:00,2916.27,2917.73,2912.32,2914.03,4084,5,0
2025-03-06 23:00:00+00:00,2913.73,2916.56,2908.31,2908.58,4219,5,0
2025-03-07 00:00:00+00:00,2908.66,2911.47,2908.34,2910.74,1377,10,0
2025-03-07 02:00:00+00:00,2911.04,2913.57,2909.95,2910.25,1581,5,0
2025-03-07 03:00:00+00:00,2910.09,2910.25,2894.8,2904.79,2985,5,0
2025-03-07 04:00:00+00:00,2904.98,2910.22,2901.56,2906.71,4672,5,0
2025-03-07 05:00:00+00:00,2906.71,2909.22,2901.2,2908.17,4645,6,0
2025-03-07 06:00:00+00:00,2908.06,2908.93,2904.0,2905.33,3649,7,0
2025-03-07 07:00:00+00:00,2905.28,2908.32,2904.69,2906.61,2774,5,0
2025-03-07 08:00:00+00:00,2906.61,2912.58,2906.42,2909.53,4244,8,0
2025-03-07 09:00:00+00:00,2909.41,2914.83,2907.73,2913.48,3838,8,0
2025-03-07 10:00:00+00:00,2913.37,2917.24,2911.66,2917.13,3721,7,0
2025-03-07 11:00:00+00:00,2917.17,2922.97,2915.32,2922.44,4223,5,0
2025-03-07 12:00:00+00:00,2922.37,2923.02,2920.19,2921.59,4152,8,0
2025-03-07 13:00:00+00:00,2921.57,2921.81,2917.07,2918.0,4467,5,0
2025-03-07 14:00:00+00:00,2917.97,2922.14,2916.73,2918.75,4479,8,0
2025-03-07 15:00:00+00:00,2918.88,2922.81,2918.04,2918.73,4807,5,0
2025-03-07 16:00:00+00:00,2918.54,2926.37,2910.37,2913.87,6118,5,0
2025-03-07 17:00:00+00:00,2913.7,2928.87,2903.5,2926.68,5892,5,0
2025-03-07 18:00:00+00:00,2926.52,2930.33,2908.52,2915.78,6001,5,0
2025-03-07 19:00:00+00:00,2915.58,2919.47,2911.68,2913.97,5432,7,0
2025-03-07 20:00:00+00:00,2914.23,2916.1,2905.14,2908.22,5289,5,0
2025-03-07 21:00:00+00:00,2907.74,2908.78,2902.0,2906.63,5045,5,0
2025-03-07 22:00:00+00:00,2906.57,2909.48,2904.46,2905.18,4440,5,0
2025-03-07 23:00:00+00:00,2905.23,2911.18,2904.76,2909.65,4400,5,0
2025-03-08 00:00:00+00:00,2909.65,2912.41,2908.39,2911.94,1151,5,0
2025-03-10 01:00:00+00:00,2912.72,2915.14,2909.77,2912.01,2361,6,0
2025-03-10 02:00:00+00:00,2912.12,2916.93,2911.42,2916.28,1778,6,0
2025-03-10 03:00:00+00:00,2916.57,2918.01,2913.01,2913.79,2743,6,0
2025-03-10 04:00:00+00:00,2913.86,2918.22,2911.31,2912.16,3559,9,0
2025-03-10 05:00:00+00:00,2912.18,2914.52,2909.49,2911.56,3062,9,0
2025-03-10 06:00:00+00:00,2911.48,2913.63,2908.16,2911.02,2985,5,0
2025-03-10 07:00:00+00:00,2911.0,2912.63,2910.26,2910.99,2042,8,0
2025-03-10 08:00:00+00:00,2910.9,2911.95,2906.97,2909.89,2990,5,0
2025-03-10 09:00:00+00:00,2909.92,2914.54,2909.24,2914.39,3159,10,0
2025-03-10 10:00:00+00:00,2914.68,2915.37,2904.37,2908.36,3901,5,0
2025-03-10 11:00:00+00:00,2907.99,2910.64,2897.54,2897.8,4177,7,0
2025-03-10 12:00:00+00:00,2897.67,2915.32,2896.81,2911.23,3955,5,0
2025-03-10 13:00:00+00:00,2911.19,2911.26,2898.31,2902.87,3758,5,0
2025-03-10 14:00:00+00:00,2902.89,2904.65,2895.7,2903.97,3930,5,0
2025-03-10 15:00:00+00:00,2903.75,2907.56,2900.4,2906.56,4563,7,0
2025-03-10 16:00:00+00:00,2906.72,2908.64,2897.68,2903.77,4799,5,0
2025-03-10 17:00:00+00:00,2903.4,2909.09,2900.99,2908.07,5191,5,0
2025-03-10 18:00:00+00:00,2908.36,2910.52,2900.61,2904.52,4702,6,0
2025-03-10 19:00:00+00:00,2904.36,2906.79,2895.88,2895.9,4334,6,0
2025-03-10 20:00:00+00:00,2895.88,2896.08,2882.71,2886.07,4769,5,0
2025-03-10 21:00:00+00:00,2886.06,2889.47,2880.3,2885.54,4156,5,0
2025-03-10 22:00:00+00:00,2885.21,2890.93,2880.28,2885.22,4344,5,0
2025-03-10 23:00:00+00:00,2885.23,2889.43,2884.18,2889.24,1572,6,0
2025-03-11 01:00:00+00:00,2888.27,2890.17,2884.04,2884.75,1415,5,0
2025-03-11 02:00:00+00:00,2884.76,2885.82,2882.4,2884.55,1226,5,0
2025-03-11 03:00:00+00:00,2884.53,2888.65,2884.16,2887.31,2768,5,0
2025-03-11 04:00:00+00:00,2887.44,2890.97,2880.26,2890.65,3379,5,0
2025-03-11 05:00:00+00:00,2890.63,2900.49,2889.93,2899.02,3293,5,0
2025-03-11 06:00:00+00:00,2899.05,2899.34,2895.16,2896.97,2560,5,0
2025-03-11 07:00:00+00:00,2896.95,2898.62,2895.69,2897.74,1689,6,0
2025-03-11 08:00:00+00:00,2897.73,2899.08,2892.81,2895.69,2572,7,0
2025-03-11 09:00:00+00:00,2895.93,2902.8,2893.5,2902.26,2965,6,0
2025-03-11 10:00:00+00:00,2902.26,2903.49,2897.56,2900.99,3020,5,0
2025-03-11 11:00:00+00:00,2901.22,2910.28,2900.41,2909.96,3108,5,0
2025-03-11 12:00:00+00:00,2909.97,2912.35,2908.69,2911.75,3459,11,0
2025-03-11 13:00:00+00:00,2911.77,2914.43,2910.94,2911.94,3008,6,0
2025-03-11 14:00:00+00:00,2911.95,2915.3,2910.73,2913.68,3027,12,0
2025-03-11 15:00:00+00:00,2913.61,2915.91,2910.53,2913.08,3671,6,0
2025-03-11 16:00:00+00:00,2913.11,2922.03,2906.95,2917.53,4478,5,0
2025-03-11 17:00:00+00:00,2916.58,2920.92,2911.97,2914.05,4495,6,0
2025-03-11 18:00:00+00:00,2914.07,2919.82,2913.93,2916.88,4084,8,0
2025-03-11 19:00:00+00:00,2916.82,2918.13,2915.13,2916.98,3448,5,0
2025-03-11 20:00:00+00:00,2917.04,2920.45,2914.02,2917.8,3621,8,0
2025-03-11 21:00:00+00:00,2917.76,2919.57,2915.15,2918.27,3028,7,0
2025-03-11 22:00:00+00:00,2918.29,2921.34,2917.51,2918.34,3300,5,0
2025-03-11 23:00:00+00:00,2918.19,2918.92,2915.15,2915.5,1429,5,0
2025-03-12 01:00:00+00:00,2915.81,2918.13,2914.43,2917.62,1423,5,0
2025-03-12 02:00:00+00:00,2917.65,2919.58,2915.5,2915.53,935,7,0
2025-03-12 03:00:00+00:00,2915.57,2915.57,2912.16,2914.22,1952,9,0
2025-03-12 04:00:00+00:00,2914.15,2917.28,2910.88,2914.92,3542,9,0
2025-03-12 05:00:00+00:00,2914.75,2918.22,2914.0,2916.23,2966,13,0
2025-03-12 06:00:00+00:00,2916.24,2919.84,2914.89,2914.99,2404,11,0
2025-03-12 07:00:00+00:00,2915.07,2916.07,2912.57,2914.98,1983,10,0
2025-03-12 08:00:00+00:00,2915.01,2916.57,2912.05,2916.03,3045,14,0
2025-03-12 09:00:00+00:00,2916.11,2921.14,2911.35,2911.88,3292,5,0
2025-03-12 10:00:00+00:00,2911.88,2915.63,2909.02,2914.42,3768,8,0
2025-03-12 11:00:00+00:00,2914.37,2922.18,2914.06,2922.1,3974,5,0
2025-03-12 12:00:00+00:00,2922.33,2925.47,2913.72,2914.82,3816,6,0
2025-03-12 13:00:00+00:00,2914.48,2917.0,2912.78,2914.34,3272,7,0
2025-03-12 14:00:00+00:00,2914.26,2916.63,2912.65,2915.3,3293,10,0
2025-03-12 15:00:00+00:00,2915.17,2923.12,2912.2,2917.49,4237,5,0
2025-03-12 16:00:00+00:00,2917.17,2918.75,2905.97,2915.61,5042,5,0
2025-03-12 17:00:00+00:00,2915.61,2922.43,2914.27,2921.85,4707,6,0
2025-03-12 18:00:00+00:00,2921.9,2929.36,2921.42,2928.26,4582,5,0
2025-03-12 19:00:00+00:00,2928.35,2939.12,2927.92,2936.54,4613,5,0
2025-03-12 20:00:00+00:00,2936.21,2940.63,2935.85,2936.05,3951,5,0
2025-03-12 21:00:00+00:00,2935.99,2937.45,2933.77,2935.25,3534,5,0
2025-03-12 22:00:00+00:00,2935.16,2935.72,2930.96,2931.33,4009,6,0
2025-03-12 23:00:00+00:00,2931.19,2934.23,2930.7,2933.31,1398,5,0
2025-03-13 01:00:00+00:00,2934.46,2938.89,2933.51,2938.0,1356,5,0
2025-03-13 02:00:00+00:00,2938.06,2939.31,2934.66,2938.07,1576,8,0
2025-03-13 03:00:00+00:00,2938.02,2939.29,2937.58,2938.56,1401,10,0
2025-03-13 04:00:00+00:00,2938.66,2941.55,2936.47,2937.89,2946,5,0
2025-03-13 05:00:00+00:00,2937.89,2946.04,2937.54,2944.23,2744,9,0
2025-03-13 06:00:00+00:00,2944.28,2947.13,2943.03,2945.63,2333,5,0
2025-03-13 07:00:00+00:00,2945.47,2946.18,2943.47,2944.7,1939,8,0
2025-03-13 08:00:00+00:00,2944.72,2945.15,2938.24,2940.03,2929,5,0
2025-03-13 09:00:00+00:00,2940.03,2940.28,2935.36,2937.02,3151,9,0
2025-03-13 10:00:00+00:00,2937.0,2938.05,2932.99,2935.24,3116,7,0
2025-03-13 11:00:00+00:00,2935.2,2944.99,2934.81,2941.57,3370,11,0
2025-03-13 12:00:00+00:00,2941.39,2948.83,2941.02,2947.77,3137,11,0
2025-03-13 13:00:00+00:00,2947.79,2948.52,2942.15,2944.03,3281,6,0
2025-03-13 14:00:00+00:00,2944.03,2948.49,2944.03,2946.3,3372,12,0
2025-03-13 15:00:00+00:00,2946.31,2949.17,2941.04,2942.31,4259,7,0
2025-03-13 16:00:00+00:00,2942.1,2952.35,2939.27,2950.35,4712,5,0
2025-03-13 17:00:00+00:00,2950.32,2971.11,2949.73,2969.85,4838,6,0
2025-03-13 18:00:00+00:00,2970.15,2978.47,2966.46,2977.75,5077,5,0
2025-03-13 19:00:00+00:00,2977.9,2985.25,2976.74,2980.1,4758,5,0
2025-03-13 20:00:00+00:00,2980.2,2982.19,2976.38,2979.49,4244,5,0
2025-03-13 21:00:00+00:00,2979.26,2984.41,2979.12,2983.3,3445,6,0
2025-03-13 22:00:00+00:00,2983.27,2985.46,2980.58,2982.83,3572,5,0
2025-03-13 23:00:00+00:00,2982.93,2989.1,2981.17,2988.8,1796,5,0
2025-03-14 01:00:00+00:00,2989.38,2989.78,2983.03,2987.26,1681,5,0
2025-03-14 02:00:00+00:00,2987.26,2989.26,2985.39,2986.45,1568,6,0
2025-03-14 03:00:00+00:00,2986.06,2988.7,2984.88,2986.73,2366,5,0
2025-03-14 04:00:00+00:00,2986.8,2990.2,2981.69,2987.88,4424,8,0
2025-03-14 05:00:00+00:00,2987.92,2988.14,2983.95,2984.18,3384,9,0
2025-03-14 06:00:00+00:00,2984.19,2992.94,2983.96,2992.62,3035,13,0
2025-03-14 07:00:00+00:00,2992.78,2993.91,2984.37,2985.48,2770,11,0
2025-03-14 08:00:00+00:00,2985.43,2986.57,2981.91,2986.29,3368,5,0
2025-03-14 09:00:00+00:00,2986.29,2987.48,2981.22,2985.62,3634,6,0
2025-03-14 10:00:00+00:00,2985.16,2987.02,2980.84,2986.96,3613,5,0
2025-03-14 11:00:00+00:00,2986.72,2993.2,2985.18,2992.9,3490,5,0
2025-03-14 12:00:00+00:00,2992.89,2999.45,2992.69,2998.81,3745,7,0
2025-03-14 13:00:00+00:00,2998.81,3004.85,2986.59,2993.25,4100,5,0
2025-03-14 14:00:00+00:00,2993.25,2999.09,2993.25,2993.42,4002,11,0
2025-03-14 15:00:00+00:00,2993.88,2999.62,2993.37,2993.76,4321,9,0
2025-03-14 16:00:00+00:00,2993.78,2996.03,2983.39,2985.35,5038,6,0
2025-03-14 17:00:00+00:00,2985.97,2993.39,2982.04,2985.28,5001,5,0
2025-03-14 18:00:00+00:00,2985.37,2986.3,2978.45,2984.6,4297,5,0
2025-03-14 19:00:00+00:00,2984.46,2989.95,2982.99,2989.75,4033,5,0
2025-03-14 20:00:00+00:00,2989.67,2990.38,2986.36,2986.56,3708,5,0
2025-03-14 21:00:00+00:00,2986.68,2987.0,2983.27,2983.54,3332,8,0
2025-03-14 22:00:00+00:00,2983.5,2986.05,2982.28,2984.0,3216,5,0
2025-03-14 23:00:00+00:00,2984.0,2988.85,2981.67,2986.24,1367,5,0
2025-03-17 01:00:00+00:00,2984.84,2990.8,2984.07,2989.2,4624,10,0
2025-03-17 02:00:00+00:00,2989.2,2994.2,2988.27,2989.89,3919,10,0
2025-03-17 03:00:00+00:00,2990.18,2991.21,2986.26,2990.93,4656,10,0
2025-03-17 04:00:00+00:00,2990.93,2993.24,2988.52,2991.01,10056,10,0
2025-03-17 05:00:00+00:00,2991.02,2992.17,2986.91,2988.3,7086,11,0
2025-03-17 06:00:00+00:00,2988.3,2988.83,2985.13,2987.02,6023,11,0
2025-03-17 07:00:00+00:00,2987.03,2988.0,2982.29,2982.72,5320,12,0
2025-03-17 08:00:00+00:00,2982.9,2986.26,2982.07,2986.21,5729,10,0
2025-03-17 09:00:00+00:00,2986.22,2990.85,2985.2,2989.71,7757,10,0
2025-03-17 10:00:00+00:00,2989.46,2990.11,2983.91,2985.32,8201,11,0
2025-03-17 11:00:00+00:00,2985.34,2988.52,2982.95,2988.52,8130,10,0
2025-03-17 12:00:00+00:00,2988.51,2997.0,2987.45,2995.54,9905,10,0
2025-03-17 13:00:00+00:00,2995.55,2999.58,2994.61,2998.84,8601,8,0
2025-03-17 14:00:00+00:00,2998.83,3001.33,2996.39,2997.19,8761,8,0
2025-03-17 15:00:00+00:00,2997.2,2997.98,2984.61,2987.33,15783,8,0
2025-03-17 16:00:00+00:00,2987.38,2991.55,2985.9,2988.21,17850,8,0
2025-03-17 17:00:00+00:00,2988.12,3000.82,2986.87,2998.6,18004,8,0
2025-03-17 18:00:00+00:00,2998.55,2999.53,2992.78,2997.33,13579,8,0
2025-03-17 19:00:00+00:00,2997.33,2997.89,2992.83,2994.64,12076,8,0
2025-03-17 20:00:00+00:00,2994.66,2999.59,2994.42,2997.69,10393,8,0
2025-03-17 21:00:00+00:00,2997.73,3000.5,2996.62,2999.22,10525,8,0
2025-03-17 22:00:00+00:00,2999.23,3001.01,2997.58,3000.14,8821,8,0
2025-03-17 23:00:00+00:00,3000.1,3002.09,2999.91,3001.16,3922,9,0
2025-03-18 01:00:00+00:00,3000.78,3002.04,2999.81,3000.37,1751,10,0
2025-03-18 02:00:00+00:00,3000.4,3002.87,2999.45,3000.05,2637,10,0
2025-03-18 03:00:00+00:00,2999.84,3003.67,2999.57,3001.68,6010,7,0
2025-03-18 04:00:00+00:00,3001.7,3008.65,2999.34,3005.78,12844,10,0
2025-03-18 05:00:00+00:00,3005.76,3012.35,3002.65,3010.79,9247,10,0
2025-03-18 06:00:00+00:00,3010.73,3015.2,3009.78,3011.55,9395,10,0
2025-03-18 07:00:00+00:00,3011.57,3017.24,3011.13,3014.46,6404,10,0
2025-03-18 08:00:00+00:00,3014.42,3015.02,3005.87,3012.19,10606,10,0
2025-03-18 09:00:00+00:00,3012.15,3017.84,3010.54,3015.91,11496,8,0
2025-03-18 10:00:00+00:00,3015.89,3019.02,3014.36,3016.63,11113,8,0
2025-03-18 11:00:00+00:00,3016.59,3027.39,3016.23,3026.36,13880,8,0
2025-03-18 12:00:00+00:00,3026.61,3028.62,3018.01,3020.06,12964,7,0
2025-03-18 13:00:00+00:00,3020.13,3025.92,3019.34,3023.88,13086,8,0
2025-03-18 14:00:00+00:00,3023.87,3029.66,3022.26,3027.08,10946,8,0
2025-03-18 15:00:00+00:00,3027.06,3035.84,3026.59,3034.15,16002,8,0
2025-03-18 16:00:00+00:00,3034.14,3038.47,3026.09,3033.41,20550,8,0
2025-03-18 17:00:00+00:00,3033.39,3033.39,3024.6,3028.1,21263,8,0
2025-03-18 18:00:00+00:00,3028.1,3032.51,3025.08,3031.9,17454,8,0
2025-03-18 19:00:00+00:00,3031.87,3037.07,3030.36,3035.87,14338,8,0
2025-03-18 20:00:00+00:00,3035.86,3036.47,3029.6,3032.45,13343,8,0
2025-03-18 21:00:00+00:00,3032.47,3036.46,3032.35,3035.63,10025,8,0
2025-03-18 22:00:00+00:00,3035.57,3038.09,3035.02,3035.78,10152,8,0
2025-03-18 23:00:00+00:00,3035.77,3036.08,3033.21,3034.17,3550,10,0
2025-03-19 01:00:00+00:00,3033.27,3034.87,3032.44,3034.39,2096,10,0
2025-03-19 02:00:00+00:00,3034.41,3035.35,3031.25,3032.06,3245,10,0
2025-03-19 03:00:00+00:00,3031.91,3034.16,3030.28,3031.29,4249,10,0
2025-03-19 04:00:00+00:00,3031.28,3032.89,3027.23,3029.6,7872,10,0
2025-03-19 05:00:00+00:00,3029.6,3033.93,3028.87,3033.27,9572,10,0
2025-03-19 06:00:00+00:00,3033.31,3039.13,3032.19,3036.16,8711,10,0
2025-03-19 07:00:00+00:00,3036.19,3037.77,3034.16,3036.6,6728,10,0
2025-03-19 08:00:00+00:00,3036.73,3045.23,3036.41,3044.33,10448,10,0
2025-03-19 09:00:00+00:00,3044.31,3044.93,3034.34,3042.43,14525,8,0
2025-03-19 10:00:00+00:00,3042.43,3043.08,3035.47,3036.03,14160,8,0
2025-03-19 11:00:00+00:00,3035.97,3037.24,3024.64,3025.34,13253,8,0
2025-03-19 12:00:00+00:00,3025.26,3031.56,3022.5,3030.63,10511,8,0
2025-03-19 13:00:00+00:00,3030.64,3037.82,3028.24,3034.78,10023,8,0
2025-03-19 14:00:00+00:00,3034.82,3040.03,3033.68,3038.75,8933,8,0
2025-03-19 15:00:00+00:00,3038.54,3041.29,3036.19,3037.03,11677,8,0
2025-03-19 16:00:00+00:00,3037.03,3038.45,3027.61,3033.14,19474,8,0
2025-03-19 17:00:00+00:00,3033.18,3033.18,3025.85,3027.76,17099,8,0
2025-03-19 18:00:00+00:00,3027.76,3033.08,3026.95,3031.68,12651,8,0
2025-03-19 19:00:00+00:00,3031.71,3038.52,3031.22,3032.9,12485,8,0
2025-03-19 20:00:00+00:00,3032.9,3034.33,3029.26,3029.26,12629,8,0
2025-03-19 21:00:00+00:00,3029.61,3048.65,3028.17,3046.42,19168,24,0
2025-03-19 22:00:00+00:00,3046.41,3052.0,3040.86,3047.75,16599,8,0
2025-03-19 23:00:00+00:00,3047.75,3048.01,3043.98,3047.48,4736,10,0
2025-03-20 01:00:00+00:00,3047.06,3050.53,3046.55,3050.36,3400,10,0
2025-03-20 02:00:00+00:00,3050.36,3051.45,3048.64,3049.96,2891,10,0
2025-03-20 03:00:00+00:00,3050.15,3055.6,3049.99,3053.4,8739,10,0
2025-03-20 04:00:00+00:00,3053.41,3056.39,3049.28,3049.86,14250,10,0
2025-03-20 05:00:00+00:00,3049.85,3052.3,3044.9,3045.54,11795,10,0
2025-03-20 06:00:00+00:00,3045.41,3050.5,3045.32,3049.9,9967,10,0
2025-03-20 07:00:00+00:00,3049.93,3057.5,3048.03,3052.59,8542,10,0
2025-03-20 08:00:00+00:00,3052.59,3053.7,3044.75,3046.83,13163,10,0
2025-03-20 09:00:00+00:00,3046.83,3051.61,3045.6,3048.64,12674,8,0
2025-03-20 10:00:00+00:00,3048.68,3048.78,3041.68,3042.16,12270,7,0
2025-03-20 11:00:00+00:00,3042.43,3044.16,3038.44,3041.81,14101,8,0
2025-03-20 12:00:00+00:00,3041.83,3046.44,3040.5,3041.36,13702,8,0
2025-03-20 13:00:00+00:00,3041.38,3041.55,3025.52,3034.04,17455,8,0
2025-03-20 14:00:00+00:00,3034.03,3035.3,3029.2,3034.2,14312,8,0
2025-03-20 15:00:00+00:00,3034.2,3042.44,3033.29,3040.76,16257,8,0
2025-03-20 16:00:00+00:00,3040.71,3041.02,3029.85,3033.13,20265,8,0
2025-03-20 17:00:00+00:00,3033.13,3041.03,3030.56,3040.12,19942,8,0
2025-03-20 18:00:00+00:00,3040.09,3042.05,3037.47,3040.9,15877,8,0
2025-03-20 19:00:00+00:00,3040.9,3043.36,3033.87,3038.48,15418,8,0
2025-03-20 20:00:00+00:00,3038.48,3042.08,3034.69,3041.63,11728,8,0
2025-03-20 21:00:00+00:00,3041.61,3045.52,3040.81,3043.48,11526,8,0
2025-03-20 22:00:00+00:00,3043.38,3046.25,3043.11,3044.45,10030,8,0
2025-03-20 23:00:00+00:00,3044.45,3045.98,3044.04,3044.84,3811,10,0
2025-03-21 01:00:00+00:00,3043.84,3046.16,3043.33,3045.92,1441,10,0
2025-03-21 02:00:00+00:00,3045.92,3046.76,3044.13,3046.52,2371,10,0
2025-03-21 03:00:00+00:00,3046.53,3047.58,3042.12,3043.0,5971,7,0
2025-03-21 04:00:00+00:00,3043.01,3044.75,3035.79,3035.81,12687,10,0
2025-03-21 05:00:00+00:00,3035.81,3037.24,3033.71,3034.9,9878,10,0
2025-03-21 06:00:00+00:00,3034.84,3034.87,3029.89,3030.44,9981,10,0
2025-03-21 07:00:00+00:00,3030.4,3032.19,3027.78,3030.0,7916,10,0
2025-03-21 08:00:00+00:00,3030.01,3030.55,3021.55,3028.2,10799,10,0
2025-03-21 09:00:00+00:00,3028.21,3034.17,3027.34,3029.98,12152,8,0
2025-03-21 10:00:00+00:00,3029.69,3033.59,3027.92,3032.02,10992,8,0
2025-03-21 11:00:00+00:00,3032.05,3034.93,3027.0,3033.18,13106,8,0
2025-03-21 12:00:00+00:00,3033.16,3033.21,3027.72,3029.84,10934,8,0
2025-03-21 13:00:00+00:00,3029.79,3033.61,3029.78,3031.01,8931,8,0
2025-03-21 14:00:00+00:00,3030.7,3037.8,3028.72,3034.08,11789,8,0
2025-03-21 15:00:00+00:00,3034.11,3038.33,3033.39,3034.08,14451,8,0
2025-03-21 16:00:00+00:00,3033.91,3036.93,3004.28,3006.86,21630,8,0
2025-03-21 17:00:00+00:00,3006.53,3016.89,2999.43,3015.64,23361,8,0
2025-03-21 18:00:00+00:00,3015.93,3018.05,3009.88,3011.22,17725,8,0
2025-03-21 19:00:00+00:00,3010.97,3016.96,3010.54,3014.99,13786,8,0
2025-03-21 20:00:00+00:00,3015.0,3018.37,3012.75,3013.91,12016,8,0
2025-03-21 21:00:00+00:00,3013.9,3021.78,3013.38,3017.28,10018,8,0
2025-03-21 22:00:00+00:00,3017.32,3022.18,3015.92,3019.94,11669,8,0
2025-03-21 23:00:00+00:00,3019.88,3024.31,3019.78,3023.32,3409,11,0
2025-03-24 01:00:00+00:00,3024.29,3026.24,3022.07,3025.37,4668,10,0
2025-03-24 02:00:00+00:00,3025.35,3026.45,3023.15,3024.82,4141,10,0
2025-03-24 03:00:00+00:00,3024.57,3025.65,3017.02,3018.71,9415,10,0
2025-03-24 04:00:00+00:00,3018.75,3025.78,3018.1,3021.0,15886,10,0
2025-03-24 05:00:00+00:00,3021.11,3024.63,3013.61,3016.19,11673,10,0
2025-03-24 06:00:00+00:00,3016.17,3019.95,3015.54,3016.92,9330,10,0
2025-03-24 07:00:00+00:00,3016.92,3020.23,3016.36,3019.65,6225,10,0
2025-03-24 08:00:00+00:00,3019.64,3023.37,3018.93,3022.25,10090,10,0
2025-03-24 09:00:00+00:00,3022.19,3025.77,3017.09,3025.03,11153,8,0
2025-03-24 10:00:00+00:00,3024.76,3029.02,3020.9,3022.24,14272,8,0
2025-03-24 11:00:00+00:00,3022.24,3029.14,3021.73,3029.01,16148,8,0
2025-03-24 12:00:00+00:00,3029.04,3031.22,3022.58,3023.81,15270,8,0
2025-03-24 13:00:00+00:00,3023.92,3033.42,3023.36,3028.29,16383,8,0
2025-03-24 14:00:00+00:00,3028.04,3029.38,3024.3,3024.5,11882,8,0
2025-03-24 15:00:00+00:00,3024.4,3028.82,3022.33,3024.52,14179,8,0
2025-03-24 16:00:00+00:00,3024.13,3028.36,3018.97,3022.79,19966,7,0
2025-03-24 17:00:00+00:00,3022.71,3024.24,3007.81,3012.3,21387,8,0
2025-03-24 18:00:00+00:00,3012.31,3015.47,3005.66,3014.25,19842,8,0
2025-03-24 19:00:00+00:00,3014.25,3015.79,3007.92,3009.64,14810,8,0
2025-03-24 20:00:00+00:00,3009.6,3010.08,3005.68,3006.95,13400,8,0
2025-03-24 21:00:00+00:00,3006.95,3008.25,3002.36,3006.93,12469,8,0
2025-03-24 22:00:00+00:00,3006.97,3008.38,3004.85,3006.29,10080,8,0
2025-03-24 23:00:00+00:00,3006.25,3014.8,3005.32,3011.87,4505,10,0
2025-03-25 01:00:00+00:00,3010.76,3012.54,3008.85,3011.66,3894,10,0
2025-03-25 02:00:00+00:00,3011.67,3012.5,3009.31,3010.05,2730,10,0
2025-03-25 03:00:00+00:00,3010.38,3015.04,3008.89,3013.99,5634,7,0
2025-03-25 04:00:00+00:00,3014.01,3014.71,3010.33,3012.01,10402,10,0
2025-03-25 05:00:00+00:00,3012.03,3012.51,3007.47,3009.33,9503,10,0
2025-03-25 06:00:00+00:00,3009.33,3016.42,3008.48,3015.25,9339,10,0
2025-03-25 07:00:00+00:00,3015.26,3016.57,3014.51,3015.43,6564,10,0
2025-03-25 08:00:00+00:00,3015.43,3021.17,3014.2,3018.48,9779,10,0
2025-03-25 09:00:00+00:00,3018.46,3018.84,3014.65,3017.53,8909,8,0
2025-03-25 10:00:00+00:00,3017.53,3018.09,3010.46,3011.23,9780,8,0
2025-03-25 11:00:00+00:00,3011.3,3022.11,3010.57,3021.26,13345,8,0
2025-03-25 12:00:00+00:00,3021.31,3023.66,3018.97,3023.14,10505,8,0
2025-03-25 13:00:00+00:00,3023.14,3024.98,3020.6,3023.46,11109,8,0
2025-03-25 14:00:00+00:00,3023.45,3026.56,3020.28,3020.61,10658,8,0
2025-03-25 15:00:00+00:00,3020.93,3023.3,3014.1,3021.95,15658,8,0
2025-03-25 16:00:00+00:00,3021.46,3030.78,3020.76,3028.38,18536,8,0
2025-03-25 17:00:00+00:00,3028.44,3036.12,3024.93,3024.93,20387,8,0
2025-03-25 18:00:00+00:00,3024.92,3028.18,3017.97,3021.38,15876,8,0
2025-03-25 19:00:00+00:00,3021.38,3025.72,3021.28,3023.01,11728,8,0
2025-03-25 20:00:00+00:00,3023.03,3023.48,3019.75,3022.84,11465,8,0
2025-03-25 21:00:00+00:00,3022.84,3022.93,3017.67,3018.35,9680,8,0
2025-03-25 22:00:00+00:00,3018.35,3020.89,3017.64,3019.47,8428,8,0
2025-03-25 23:00:00+00:00,3019.52,3020.87,3018.63,3020.08,2733,10,0
2025-03-26 01:00:00+00:00,3018.51,3022.49,3018.36,3021.15,2505,10,0
2025-03-26 02:00:00+00:00,3021.09,3022.02,3020.41,3021.18,2075,10,0
2025-03-26 03:00:00+00:00,3021.12,3022.36,3017.68,3018.28,4788,10,0
2025-03-26 04:00:00+00:00,3018.29,3025.64,3016.23,3024.72,13427,7,0
2025-03-26 05:00:00+00:00,3024.72,3027.07,3022.73,3024.35,10236,10,0
2025-03-26 06:00:00+00:00,3024.38,3024.4,3016.3,3017.72,10934,10,0
2025-03-26 07:00:00+00:00,3017.72,3017.82,3014.18,3015.38,6431,10,0
2025-03-26 08:00:00+00:00,3015.45,3024.2,3013.11,3022.72,10824,10,0
2025-03-26 09:00:00+00:00,3022.72,3026.48,3021.99,3026.32,12383,8,0
2025-03-26 10:00:00+00:00,3026.34,3030.97,3024.81,3030.68,11281,8,0
2025-03-26 11:00:00+00:00,3030.67,3032.21,3023.46,3024.16,12206,8,0
2025-03-26 12:00:00+00:00,3024.14,3024.18,3017.44,3018.85,13049,8,0
2025-03-26 13:00:00+00:00,3018.54,3025.16,3016.83,3023.17,12580,8,0
2025-03-26 14:00:00+00:00,3023.15,3030.55,3023.14,3027.47,11474,8,0
2025-03-26 15:00:00+00:00,3027.8,3030.1,3024.91,3026.96,14440,8,0
2025-03-26 16:00:00+00:00,3027.0,3027.56,3015.86,3016.85,17793,8,0
2025-03-26 17:00:00+00:00,3016.86,3021.88,3014.84,3017.67,17081,8,0
2025-03-26 18:00:00+00:00,3017.52,3019.03,3012.28,3015.72,15339,8,0
2025-03-26 19:00:00+00:00,3015.73,3020.19,3015.06,3015.45,12177,8,0
2025-03-26 20:00:00+00:00,3015.74,3019.17,3015.16,3018.61,11077,8,0
2025-03-26 21:00:00+00:00,3018.64,3021.03,3018.02,3018.16,9526,8,0
2025-03-26 22:00:00+00:00,3018.16,3018.92,3015.72,3017.2,10513,8,0
2025-03-26 23:00:00+00:00,3017.19,3021.94,3017.02,3019.04,4028,9,0
2025-03-27 01:00:00+00:00,3018.26,3021.2,3017.84,3019.63,4051,10,0
2025-03-27 02:00:00+00:00,3019.62,3021.84,3017.47,3021.43,4555,10,0
2025-03-27 03:00:00+00:00,3021.68,3025.89,3021.58,3025.23,6492,10,0
2025-03-27 04:00:00+00:00,3025.23,3028.51,3022.84,3023.43,12518,9,0
2025-03-27 05:00:00+00:00,3023.72,3032.82,3023.32,3031.64,12069,10,0
2025-03-27 06:00:00+00:00,3031.64,3034.41,3029.57,3033.47,8406,10,0
2025-03-27 07:00:00+00:00,3033.48,3038.69,3031.59,3034.0,9333,10,0
2025-03-27 08:00:00+00:00,3033.96,3036.02,3029.25,3029.87,11524,10,0
2025-03-27 09:00:00+00:00,3029.88,3033.37,3026.57,3030.18,13006,8,0
2025-03-27 10:00:00+00:00,3030.19,3036.9,3029.17,3036.0,14076,8,0
2025-03-27 11:00:00+00:00,3036.14,3038.13,3033.69,3036.31,13895,8,0
2025-03-27 12:00:00+00:00,3036.31,3041.23,3034.54,3040.19,10855,8,0
2025-03-27 13:00:00+00:00,3040.1,3055.97,3039.69,3051.3,16171,8,0
2025-03-27 14:00:00+00:00,3051.3,3055.81,3048.79,3054.79,12851,8,0
2025-03-27 15:00:00+00:00,3054.82,3056.06,3047.04,3050.19,15116,8,0
2025-03-27 16:00:00+00:00,3050.25,3052.3,3033.37,3040.87,22254,8,0
2025-03-27 17:00:00+00:00,3040.9,3059.83,3040.24,3057.72,21645,8,0
2025-03-27 18:00:00+00:00,3057.87,3059.37,3051.3,3052.08,20852,8,0
2025-03-27 19:00:00+00:00,3052.04,3054.4,3047.76,3048.52,17072,8,0
2025-03-27 20:00:00+00:00,3048.49,3053.41,3047.67,3052.75,13056,8,0
2025-03-27 21:00:00+00:00,3052.64,3057.77,3052.56,3055.74,11114,8,0
2025-03-27 22:00:00+00:00,3055.8,3058.03,3054.84,3057.67,10686,8,0
2025-03-27 23:00:00+00:00,3057.68,3057.7,3054.78,3056.88,3302,13,0
2025-03-28 01:00:00+00:00,3055.59,3057.78,3054.16,3054.88,3091,10,0
2025-03-28 02:00:00+00:00,3054.89,3056.42,3053.94,3055.83,3127,10,0
2025-03-28 03:00:00+00:00,3055.14,3063.56,3054.9,3061.82,9282,7,0
2025-03-28 04:00:00+00:00,3061.82,3074.18,3061.77,3074.1,14498,10,0
2025-03-28 05:00:00+00:00,3073.78,3077.67,3069.92,3072.04,12298,10,0
2025-03-28 06:00:00+00:00,3072.05,3076.83,3069.59,3075.24,11376,10,0
2025-03-28 07:00:00+00:00,3075.24,3075.52,3072.39,3074.06,6776,10,0
2025-03-28 08:00:00+00:00,3073.77,3082.03,3072.35,3077.68,10781,10,0
2025-03-28 09:00:00+00:00,3077.68,3085.04,3076.48,3084.78,13130,8,0
2025-03-28 10:00:00+00:00,3084.81,3086.16,3077.72,3079.53,13008,8,0
2025-03-28 11:00:00+00:00,3078.99,3081.43,3065.96,3073.15,13844,8,0
2025-03-28 12:00:00+00:00,3072.99,3076.34,3069.52,3073.02,11946,8,0
2025-03-28 13:00:00+00:00,3072.97,3074.83,3067.31,3074.17,12721,8,0
2025-03-28 14:00:00+00:00,3074.16,3080.02,3073.89,3076.27,11617,8,0
2025-03-28 15:00:00+00:00,3076.34,3082.05,3072.4,3077.31,15742,8,0
2025-03-28 16:00:00+00:00,3077.31,3084.29,3070.71,3083.19,22081,8,0
2025-03-28 17:00:00+00:00,3083.16,3086.95,3067.83,3069.86,23191,8,0
2025-03-28 18:00:00+00:00,3069.9,3085.88,3067.4,3083.94,18194,8,0
2025-03-28 19:00:00+00:00,3083.61,3086.85,3080.4,3083.74,14137,8,0
2025-03-28 20:00:00+00:00,3083.75,3086.14,3075.93,3077.59,12893,8,0
2025-03-28 21:00:00+00:00,3077.65,3080.67,3073.42,3079.9,10504,8,0
2025-03-28 22:00:00+00:00,3079.89,3082.04,3079.31,3081.03,11030,8,0
2025-03-28 23:00:00+00:00,3080.98,3086.14,3080.65,3085.76,3670,10,0
2025-03-31 01:00:00+00:00,3088.34,3098.01,3088.17,3090.18,7591,10,0
2025-03-31 02:00:00+00:00,3090.17,3091.0,3087.66,3089.31,6451,10,0
2025-03-31 03:00:00+00:00,3089.45,3089.91,3077.33,3079.24,10513,10,0
2025-03-31 04:00:00+00:00,3079.24,3095.45,3076.66,3094.62,16167,10,0
2025-03-31 05:00:00+00:00,3094.61,3107.24,3093.68,3106.57,15982,10,0
2025-03-31 06:00:00+00:00,3106.31,3111.85,3104.97,3106.97,10769,10,0
2025-03-31 07:00:00+00:00,3106.97,3116.13,3105.73,3113.59,7379,10,0
2025-03-31 08:00:00+00:00,3113.58,3119.87,3107.25,3116.73,10725,8,0
2025-03-31 09:00:00+00:00,3116.72,3127.98,3113.42,3119.35,16954,8,0
2025-03-31 10:00:00+00:00,3119.46,3125.6,3118.46,3124.69,15976,8,0
2025-03-31 11:00:00+00:00,3124.69,3127.27,3120.85,3122.12,14050,8,0
2025-03-31 12:00:00+00:00,3122.11,3123.49,3111.83,3115.14,12772,8,0
2025-03-31 13:00:00+00:00,3114.93,3123.82,3111.72,3118.31,13898,8,0
2025-03-31 14:00:00+00:00,3118.62,3119.88,3113.26,3119.66,12289,7,0
2025-03-31 15:00:00+00:00,3119.67,3126.85,3118.02,3124.46,17053,8,0
2025-03-31 16:00:00+00:00,3124.43,3124.91,3099.79,3113.51,23838,7,0
2025-03-31 17:00:00+00:00,3113.72,3123.81,3110.85,3123.02,22930,8,0
2025-03-31 18:00:00+00:00,3123.04,3127.38,3112.76,3113.93,18960,7,0
2025-03-31 19:00:00+00:00,3113.67,3120.8,3111.49,3117.42,14344,8,0
2025-03-31 20:00:00+00:00,3117.43,3120.43,3115.78,3118.05,14197,8,0
2025-03-31 21:00:00+00:00,3118.03,3123.55,3117.26,3121.65,11367,8,0
2025-03-31 22:00:00+00:00,3121.61,3124.82,3120.76,3124.57,11696,8,0
2025-03-31 23:00:00+00:00,3124.57,3124.93,3122.72,3124.09,4004,10,0
